;ID;WijkenEnBuurten;Gemeentenaam;SoortRegio;Codering;IndelingswijzigingWijkenEnBuurten;AantalInwoners;Mannen;Vrouwen;k0Tot15Jaar;k15Tot25Jaar;k25Tot45Jaar;k45Tot65Jaar;k65JaarOfOuder;Ongehuwd;Gehuwd;Gescheiden;Verweduwd;WestersTotaal;NietWestersTotaal;Marokko;NederlandseAntillenEnAruba;Suriname;Turkije;OverigNietWesters;GeboorteTotaal;GeboorteRelatief;SterfteTotaal;SterfteRelatief;HuishoudensTotaal;Eenpersoonshuishoudens;HuishoudensZonderKinderen;HuishoudensMetKinderen;GemiddeldeHuishoudensgrootte;Bevolkingsdichtheid;Woningvoorraad;GemiddeldeWOZWaardeVanWoningen;PercentageEengezinswoning;PercentageMeergezinswoning;PercentageBewoond;PercentageOnbewoond;Koopwoningen;HuurwoningenTotaal;InBezitWoningcorporatie;InBezitOverigeVerhuurders;EigendomOnbekend;BouwjaarVoor;BouwjaarVanaf;GemiddeldElektriciteitsverbruikTotaal;Appartement;Tussenwoning;Hoekwoning;TweeOnderEenKapWoning;VrijstaandeWoning;Huurwoning;EigenWoning;GemiddeldAardgasverbruikTotaal;Appartement;Tussenwoning;Hoekwoning;TweeOnderEenKapWoning;VrijstaandeWoning;Huurwoning;EigenWoning;PercentageWoningenMetStadsverwarming;OpleidingsniveauLaag;OpleidingsniveauMiddelbaar;OpleidingsniveauHoog;Nettoarbeidsparticipatie;PercentageWerknemers;PercentageZelfstandigen;AantalInkomensontvangers;GemiddeldInkomenPerInkomensontvanger;GemiddeldInkomenPerInwoner;k40PersonenMetLaagsteInkomen;k20PersonenMetHoogsteInkomen;GemGestandaardiseerdInkomenVanHuish;k40HuishoudensMetLaagsteInkomen;k20HuishoudensMetHoogsteInkomen;HuishoudensMetEenLaagInkomen;HuishOnderOfRondSociaalMinimum;HuishoudensTot110VanSociaalMinimum;HuishoudensTot120VanSociaalMinimum;MediaanVermogenVanParticuliereHuish;PersonenPerSoortUitkeringBijstand;PersonenPerSoortUitkeringAO;PersonenPerSoortUitkeringWW;PersonenPerSoortUitkeringAOW;JongerenMetJeugdzorgInNatura;PercentageJongerenMetJeugdzorg;WmoClienten;WmoClientenRelatief;BedrijfsvestigingenTotaal;ALandbouwBosbouwEnVisserij;BFNijverheidEnEnergie;GIHandelEnHoreca;HJVervoerInformatieEnCommunicatie;KLFinancieleDienstenOnroerendGoed;MNZakelijkeDienstverlening;OQOverheidOnderwijsEnZorg;RUCultuurRecreatieOverigeDiensten;PersonenautoSTotaal;PersonenautoSBrandstofBenzine;PersonenautoSOverigeBrandstof;PersonenautoSPerHuishouden;PersonenautoSNaarOppervlakte;Motorfietsen;AfstandTotHuisartsenpraktijk;AfstandTotGroteSupermarkt;AfstandTotKinderdagverblijf;AfstandTotSchool;ScholenBinnen3Km;OppervlakteTotaal;OppervlakteLand;OppervlakteWater;MeestVoorkomendePostcode;Dekkingspercentage;MateVanStedelijkheid;Omgevingsadressendichtheid;year;unique_ID
0;9557;GM0935    ;Maastricht                              ;Gemeente  ;GM0935    ;.;121575;58120;63455;12617;23398;28857;30446;26257;64606;39638;10638;6693;26211;14063;1719;672;348;1623;9701;810.0;7.0;1482.0;12.0;68903;37863;17328;13712;1.7;2172;61833;224.0;52.0;48.0;92.0;8.0;39.0;60.0;36.0;24.0;1.0;91.0;9.0;2490.0;1930.0;2860.0;2970.0;3240.0;4290.0;2090.0;3080.0;1080.0;780.0;1210.0;1370.0;1610.0;2270.0;910.0;1320.0;3.3;24550.0;37300.0;34200.0;56.0;86.0;14.0;93900.0;31.2;26.5;47.0;16.3;27.3;55.2;12.7;9.3;9.3;14.6;18.6;14.8;3820.0;7160.0;1680.0;24240.0;2765.0;9.1;12425.0;102.0;12100;50.0;1025.0;2585.0;760.0;875.0;2950.0;2225.0;1625.0;45325;40075;5250;0.7;810.0;2635;0.6;0.6;0.6;0.6;10.7;6012;5599;413;         .;;2;2455;2020;0_2020
1;9558;WK093500  ;Maastricht                              ;Wijk      ;WK093500  ;1;18980;8875;10105;770;6030;5550;2965;3660;12995;3755;1340;890;6270;2160;105;110;55;170;1725;70.0;4.0;265.0;14.0;13510;9930;2680;895;1.4;6934;11782;267.0;18.0;82.0;85.0;15.0;21.0;75.0;24.0;52.0;3.0;90.0;10.0;2130.0;1910.0;3010.0;3000.0;3980.0;4410.0;1920.0;2850.0;850.0;690.0;1500.0;1490.0;2080.0;2670.0;790.0;1050.0;15.0;1710.0;6470.0;8830.0;52.0;83.0;17.0;13900.0;33.2;29.6;47.8;19.7;25.1;65.8;10.1;9.5;9.0;13.3;16.5;3.7;350.0;640.0;240.0;3440.0;115.0;2.2;1490.0;79.0;3420;5.0;145.0;1115.0;190.0;335.0;785.0;420.0;425.0;4960;4250;710;0.4;1811.0;225;0.5;0.4;0.4;0.5;14.5;310;274;37;         .;;1;3949;2020;1_2020
2;9559;BU09350000;Maastricht                              ;Buurt     ;BU09350000;1;2095;980;1115;50;935;655;235;225;1660;310;90;40;870;270;5;15;10;30;215;5.0;2.0;15.0;8.0;1645;1295;290;60;1.3;6717;1547;291.0;12.0;88.0;74.0;26.0;17.0;77.0;8.0;69.0;6.0;97.0;3.0;2130.0;1970.0;3050.0;3930.0;;;1980.0;2790.0;990.0;860.0;1800.0;2870.0;;;900.0;1400.0;;100.0;890.0;1000.0;48.0;81.0;19.0;1400.0;30.9;27.5;53.9;15.8;22.7;72.9;7.7;7.7;6.6;9.8;12.1;0.1;10.0;40.0;20.0;210.0;;;40.0;19.0;835;0.0;20.0;520.0;20.0;55.0;95.0;40.0;85.0;455;380;75;0.3;1465.0;15;0.3;0.4;0.3;0.4;14.2;36;31;5;      6211;1.0;1;4411;2020;2_2020
3;9560;BU09350001;Maastricht                              ;Buurt     ;BU09350001;1;1585;750;840;85;485;385;265;365;1040;355;110;85;550;140;5;10;5;5;115;5.0;1.0;30.0;18.0;1105;800;230;75;1.4;3133;1031;344.0;30.0;70.0;81.0;19.0;26.0;72.0;22.0;49.0;3.0;98.0;2.0;2350.0;1820.0;3270.0;3340.0;4990.0;5100.0;1960.0;3470.0;1280.0;980.0;1770.0;1910.0;2860.0;2910.0;1060.0;1900.0;;70.0;400.0;860.0;49.0;76.0;24.0;1100.0;37.6;32.8;44.4;22.3;27.5;63.0;14.6;7.8;7.0;11.3;13.6;5.2;20.0;30.0;20.0;340.0;15.0;3.3;110.0;69.0;340;0.0;25.0;100.0;5.0;40.0;65.0;55.0;50.0;510;420;90;0.5;1007.0;25;0.3;0.6;0.2;0.4;13.0;57;51;6;      6211;1.0;1;4166;2020;3_2020
4;9561;BU09350002;Maastricht                              ;Buurt     ;BU09350002;1;2470;1110;1365;85;795;620;335;635;1650;465;170;195;810;250;0;15;5;15;205;5.0;3.0;100.0;40.0;1615;1190;315;110;1.4;9687;1322;261.0;19.0;81.0;88.0;12.0;25.0;72.0;25.0;48.0;3.0;95.0;5.0;2120.0;1840.0;3110.0;3260.0;4340.0;3990.0;1780.0;3080.0;1030.0;870.0;1550.0;1300.0;2180.0;2690.0;910.0;1340.0;;120.0;670.0;1240.0;49.0;84.0;16.0;1600.0;30.6;26.8;51.2;17.5;22.9;69.1;10.3;8.0;8.8;13.0;17.1;3.4;30.0;50.0;20.0;590.0;15.0;2.3;380.0;154.0;290;0.0;5.0;60.0;15.0;15.0;90.0;55.0;45.0;570;495;70;0.4;2225.0;25;0.2;0.5;0.4;0.4;13.5;26;26;0;      6211;1.0;1;4096;2020;4_2020
5;9562;BU09350003;Maastricht                              ;Buurt     ;BU09350003;1;4155;2015;2145;155;1625;1250;585;550;3215;520;305;125;1500;500;35;20;10;40;395;20.0;5.0;65.0;15.0;2980;2400;395;185;1.3;9812;2229;217.0;24.0;76.0;87.0;13.0;14.0;83.0;34.0;48.0;3.0;89.0;11.0;1980.0;1690.0;2790.0;2960.0;;;1820.0;2910.0;820.0;680.0;1230.0;1030.0;;;790.0;1050.0;10.6;550.0;1810.0;1630.0;47.0;85.0;15.0;2700.0;26.1;23.0;57.4;13.7;19.2;77.7;6.3;13.5;12.7;20.4;25.3;0.9;100.0;270.0;50.0;510.0;20.0;1.5;435.0;105.0;440;0.0;30.0;90.0;35.0;45.0;90.0;80.0;75.0;730;635;100;0.2;1725.0;35;0.5;0.4;0.3;0.4;12.8;42;42;0;      6211;1.0;1;3702;2020;5_2020
6;9563;BU09350004;Maastricht                              ;Buurt     ;BU09350004;1;1735;820;915;55;445;645;305;290;1225;280;165;65;530;215;10;15;5;15;165;10.0;5.0;5.0;5.0;1295;940;285;75;1.3;5611;1216;198.0;10.0;90.0;89.0;11.0;20.0;77.0;29.0;48.0;3.0;98.0;2.0;1840.0;1790.0;2190.0;2610.0;;;1760.0;2130.0;880.0;830.0;1230.0;1760.0;;;830.0;1050.0;;130.0;650.0;900.0;59.0;84.0;16.0;1400.0;33.8;30.7;41.9;20.9;25.6;64.3;8.1;9.6;10.1;14.0;18.2;4.5;40.0;50.0;30.0;270.0;;;100.0;58.0;275;0.0;10.0;70.0;25.0;25.0;70.0;40.0;35.0;495;450;50;0.4;1610.0;30;0.4;0.4;0.9;0.8;13.8;40;31;9;      6211;1.0;1;3397;2020;6_2020
7;9564;BU09350005;Maastricht                              ;Buurt     ;BU09350005;1;1580;720;865;110;440;450;365;215;1035;325;165;55;400;250;30;10;10;45;165;5.0;5.0;10.0;5.0;1075;755;195;130;1.5;4304;922;186.0;42.0;58.0;93.0;7.0;14.0;85.0;59.0;26.0;1.0;100.0;0.0;2000.0;1490.0;2730.0;2520.0;3140.0;;1850.0;2910.0;1020.0;760.0;1360.0;1410.0;1070.0;;920.0;1580.0;;420.0;650.0;550.0;55.0;86.0;14.0;1300.0;27.5;24.2;56.7;12.6;21.7;72.3;7.0;17.9;15.9;25.0;30.2;1.6;90.0;90.0;40.0;200.0;30.0;7.0;130.0;82.0;150;0.0;10.0;15.0;15.0;10.0;45.0;30.0;25.0;385;335;45;0.4;1041.0;30;0.8;0.3;0.3;0.6;15.7;45;37;8;      6221;1.0;1;3611;2020;7_2020
8;9565;BU09350006;Maastricht                              ;Buurt     ;BU09350006;1;5355;2495;2860;235;1305;1560;870;1385;3180;1500;350;325;1615;540;15;20;10;35;465;20.0;4.0;40.0;8.0;3785;2555;970;260;1.4;9501;3515;312.0;9.0;91.0;84.0;16.0;28.0;69.0;12.0;57.0;3.0;76.0;24.0;2300.0;2160.0;3690.0;3170.0;;;2100.0;2800.0;570.0;430.0;1800.0;1590.0;;;550.0;590.0;41.8;370.0;1510.0;2500.0;57.0;83.0;17.0;4300.0;40.0;35.9;38.5;26.6;30.9;52.9;14.1;6.4;5.7;7.5;8.8;20.6;50.0;110.0;60.0;1320.0;25.0;2.1;285.0;53.0;1095;0.0;50.0;260.0;80.0;140.0;330.0;115.0;115.0;1810;1530;280;0.5;3215.0;60;0.5;0.3;0.4;0.4;16.7;66;56;9;      6221;1.0;1;3992;2020;8_2020
9;9566;WK093501  ;Maastricht                              ;Wijk      ;WK093501  ;1;9080;4280;4795;1235;1215;1655;2440;2535;4080;3740;640;620;1770;480;10;30;15;30;385;50.0;6.0;135.0;15.0;4460;1890;1440;1120;2.0;1047;4437;389.0;70.0;30.0;89.0;11.0;66.0;33.0;6.0;27.0;1.0;99.0;1.0;3040.0;1970.0;3170.0;3240.0;3510.0;4520.0;2050.0;3460.0;1660.0;1120.0;1610.0;1730.0;1980.0;2760.0;1190.0;1850.0;;980.0;1800.0;3790.0;62.0;75.0;25.0;6900.0;48.1;39.4;34.0;33.5;45.7;31.0;33.3;3.8;4.0;5.4;7.4;260.1;40.0;190.0;110.0;2340.0;150.0;6.8;575.0;63.0;1225;5.0;60.0;125.0;60.0;140.0;390.0;270.0;170.0;4255;3560;695;1.0;491.0;215;0.8;0.7;0.6;0.7;9.9;915;867;48;         .;;2;1857;2020;9_2020
10;9567;BU09350100;Maastricht                              ;Buurt     ;BU09350100;1;3225;1505;1720;470;450;530;930;840;1475;1335;220;190;680;205;0;10;10;10;170;10.0;2.0;25.0;8.0;1560;665;505;390;2.0;4048;1495;468.0;68.0;32.0;92.0;8.0;75.0;24.0;4.0;19.0;2.0;98.0;2.0;3190.0;2260.0;3480.0;3570.0;3580.0;4370.0;2270.0;3480.0;1720.0;1200.0;1780.0;1940.0;2100.0;2760.0;1280.0;1860.0;;350.0;650.0;1350.0;63.0;72.0;28.0;2400.0;54.7;44.1;32.9;36.3;44.7;28.2;37.1;4.5;4.4;5.9;7.2;354.8;20.0;60.0;40.0;770.0;60.0;7.1;130.0;40.0;510;0.0;20.0;50.0;25.0;65.0;160.0;125.0;60.0;1550;1285;265;1.0;1943.0;60;0.4;0.4;0.5;0.5;11.1;101;80;21;      6212;1.0;2;1912;2020;10_2020
11;9568;BU09350101;Maastricht                              ;Buurt     ;BU09350101;1;1255;605;650;205;155;245;380;275;600;500;95;60;215;50;0;5;5;0;40;5.0;7.0;5.0;6.0;585;215;190;190;2.1;4019;557;385.0;90.0;10.0;96.0;4.0;73.0;26.0;15.0;11.0;1.0;100.0;0.0;3030.0;2450.0;2900.0;3140.0;3040.0;5230.0;2330.0;3280.0;1570.0;1180.0;1470.0;1600.0;1730.0;3060.0;1150.0;1710.0;;200.0;190.0;540.0;68.0;78.0;22.0;1000.0;49.5;39.7;34.0;35.7;;30.5;36.0;4.3;4.5;6.4;7.7;219.3;10.0;40.0;20.0;250.0;30.0;8.8;50.0;40.0;160;0.0;10.0;10.0;10.0;20.0;55.0;40.0;20.0;550;465;90;0.9;1768.0;55;0.8;0.8;0.6;0.7;10.5;31;31;0;      6212;1.0;2;1934;2020;11_2020
12;9569;BU09350102;Maastricht                              ;Buurt     ;BU09350102;1;1765;845;920;215;365;385;420;375;935;650;100;75;425;130;5;5;0;15;105;15.0;8.0;10.0;6.0;975;495;265;210;1.8;3160;913;340.0;65.0;35.0;85.0;15.0;58.0;41.0;2.0;39.0;0.0;99.0;1.0;2820.0;1470.0;2990.0;3230.0;3490.0;4610.0;1620.0;3580.0;1590.0;880.0;1580.0;1810.0;1920.0;2770.0;1000.0;1970.0;;130.0;430.0;810.0;56.0;74.0;26.0;1300.0;46.4;38.3;35.5;35.9;39.2;34.4;35.9;3.4;2.6;3.9;5.2;233.8;10.0;30.0;20.0;350.0;25.0;5.1;65.0;37.0;220;0.0;10.0;20.0;15.0;30.0;60.0;50.0;35.0;755;625;130;0.8;1352.0;45;1.2;0.5;0.7;1.3;12.1;56;56;0;      6213;1.0;2;2400;2020;12_2020
13;9570;BU09350103;Maastricht                              ;Buurt     ;BU09350103;1;1250;565;685;105;85;185;290;585;410;525;95;220;190;30;0;0;0;5;25;5.0;5.0;80.0;63.0;620;290;210;115;1.8;3187;777;;46.0;54.0;77.0;23.0;50.0;50.0;0.0;50.0;0.0;99.0;1.0;2950.0;1880.0;3240.0;3510.0;3660.0;4580.0;1840.0;3620.0;1730.0;1240.0;1680.0;1790.0;2080.0;2890.0;1290.0;2000.0;;120.0;220.0;420.0;62.0;74.0;26.0;900.0;46.1;39.6;31.1;31.9;39.0;36.6;27.1;3.3;4.7;6.1;9.0;211.7;0.0;20.0;10.0;540.0;15.0;8.4;260.0;208.0;110;0.0;5.0;15.0;5.0;10.0;45.0;15.0;15.0;640;530;105;1.0;1627.0;20;1.2;1.1;0.9;0.9;9.9;39;39;0;      6213;1.0;2;1882;2020;13_2020
14;9571;BU09350104;Maastricht                              ;Buurt     ;BU09350104;1;1435;685;745;220;140;290;365;415;600;650;115;65;235;50;5;5;0;0;40;10.0;8.0;10.0;8.0;650;190;255;200;2.2;2630;633;287.0;93.0;7.0;97.0;3.0;72.0;28.0;15.0;12.0;1.0;100.0;0.0;2980.0;2050.0;2850.0;2920.0;3520.0;4310.0;2370.0;3220.0;1530.0;1100.0;1380.0;1560.0;1890.0;2360.0;1220.0;1650.0;;160.0;280.0;600.0;64.0;80.0;20.0;1200.0;36.1;29.5;36.1;23.1;33.9;28.4;23.6;2.6;3.0;4.1;7.7;176.5;10.0;40.0;20.0;390.0;20.0;6.0;65.0;45.0;150;5.0;10.0;15.0;5.0;5.0;40.0;35.0;30.0;665;580;80;1.0;1218.0;30;0.8;0.9;0.4;0.4;4.9;54;54;0;      6213;2.0;3;1041;2020;14_2020
15;9572;BU09350105;Maastricht                              ;Buurt     ;BU09350105;1;150;75;80;20;20;20;55;40;55;75;10;10;30;5;0;0;0;0;5;0.0;7.0;5.0;7.0;75;30;25;20;2.1;25;62;669.0;89.0;11.0;92.0;8.0;79.0;21.0;0.0;21.0;0.0;97.0;3.0;4240.0;;;3200.0;4420.0;4370.0;3900.0;4320.0;2460.0;;;2210.0;2160.0;2740.0;2250.0;2510.0;;20.0;30.0;50.0;;;;100.0;54.2;47.3;40.8;41.5;;;;;;;;;0.0;0.0;0.0;40.0;;;;;80;0.0;5.0;10.0;5.0;10.0;25.0;10.0;10.0;100;75;25;1.4;16.0;5;2.0;1.9;1.7;1.8;4.9;633;606;27;      6212;4.0;4;527;2020;15_2020
16;9573;WK093502  ;Maastricht                              ;Wijk      ;WK093502  ;1;37610;17830;19785;4145;6810;8460;9515;8670;19225;12415;3705;2265;7990;5490;915;210;105;815;3445;270.0;7.0;410.0;11.0;21405;11545;5185;4675;1.8;4251;18172;179.0;56.0;44.0;96.0;4.0;37.0;62.0;50.0;12.0;1.0;91.0;9.0;2450.0;1970.0;2750.0;2820.0;3060.0;4060.0;2150.0;2960.0;1060.0;860.0;1140.0;1290.0;1360.0;1900.0;960.0;1230.0;;9250.0;11900.0;6700.0;52.0;88.0;12.0;29000.0;26.7;22.6;51.2;10.5;24.7;58.7;8.8;11.0;11.4;18.5;23.8;9.8;1650.0;2650.0;530.0;8030.0;840.0;9.2;4280.0;114.0;2260;10.0;270.0;365.0;160.0;95.0;515.0;475.0;370.0;13475;12260;1215;0.6;1523.0;765;0.5;0.5;0.6;0.6;9.6;885;885;0;         .;;2;2391;2020;16_2020
17;9574;BU09350200;Maastricht                              ;Buurt     ;BU09350200;1;6790;3025;3760;395;2700;1565;1000;1125;4825;1330;355;280;2525;1435;100;35;15;140;1140;15.0;3.0;35.0;5.0;5050;3940;685;425;1.3;7415;2464;202.0;40.0;60.0;93.0;7.0;39.0;59.0;30.0;29.0;2.0;98.0;2.0;2240.0;1810.0;2770.0;2760.0;2880.0;4180.0;1940.0;2690.0;1180.0;1040.0;1330.0;1440.0;1350.0;1940.0;1040.0;1390.0;;880.0;2040.0;1610.0;37.0;86.0;14.0;3700.0;27.6;23.8;50.5;13.5;23.2;63.8;9.5;8.8;8.0;13.3;16.8;10.0;130.0;200.0;60.0;1060.0;90.0;4.3;440.0;65.0;440;0.0;30.0;75.0;25.0;10.0;115.0;110.0;75.0;1470;1305;165;0.3;1605.0;90;0.4;0.4;0.5;0.4;12.6;92;92;0;      6217;4.0;1;3281;2020;17_2020
18;9575;BU09350201;Maastricht                              ;Buurt     ;BU09350201;1;4825;2225;2605;535;1070;1200;1105;920;2885;1170;540;230;1200;695;100;35;15;55;490;30.0;7.0;50.0;10.0;3015;1825;630;555;1.6;8858;2587;168.0;64.0;36.0;92.0;8.0;16.0;82.0;64.0;19.0;2.0;90.0;10.0;2290.0;2000.0;2430.0;2460.0;2460.0;3400.0;2190.0;2770.0;1070.0;950.0;1140.0;1160.0;1040.0;1240.0;1020.0;1290.0;;1280.0;1450.0;1090.0;46.0;86.0;14.0;3700.0;24.2;20.4;58.6;8.1;21.2;71.7;5.0;15.6;15.4;24.4;31.5;1.8;330.0;370.0;70.0;830.0;125.0;9.3;485.0;101.0;385;0.0;30.0;65.0;20.0;20.0;110.0;75.0;60.0;1465;1330;135;0.5;2687.0;85;0.5;0.4;0.4;0.7;13.1;54;54;0;      6214;1.0;1;3304;2020;18_2020
19;9576;BU09350202;Maastricht                              ;Buurt     ;BU09350202;1;2545;1200;1345;250;375;600;595;720;1145;1035;195;170;490;130;0;15;5;25;85;20.0;8.0;30.0;13.0;1400;630;480;285;1.8;5208;1290;194.0;56.0;44.0;97.0;3.0;78.0;20.0;0.0;20.0;2.0;100.0;0.0;2710.0;2520.0;2780.0;2950.0;3440.0;;2390.0;2810.0;1150.0;880.0;1280.0;1500.0;1610.0;;1020.0;1190.0;;440.0;860.0;570.0;63.0;90.0;10.0;2100.0;30.1;25.9;38.8;14.2;28.4;39.3;10.3;1.8;1.7;2.8;3.9;95.5;10.0;80.0;30.0;670.0;30.0;5.5;215.0;85.0;155;5.0;15.0;15.0;5.0;5.0;40.0;40.0;25.0;1090;1025;60;0.8;2229.0;70;0.7;0.4;0.4;0.5;10.3;49;49;0;      6216;1.0;1;2748;2020;19_2020
20;9577;BU09350203;Maastricht                              ;Buurt     ;BU09350203;1;2490;1205;1285;380;250;665;690;510;1275;775;300;140;405;520;140;10;5;85;285;25.0;10.0;25.0;11.0;1295;595;310;390;1.9;4977;1299;137.0;44.0;56.0;97.0;3.0;14.0;86.0;85.0;1.0;0.0;99.0;1.0;2180.0;1730.0;2600.0;2700.0;3100.0;3730.0;2010.0;3180.0;1020.0;870.0;1050.0;1240.0;1540.0;2840.0;960.0;1410.0;;800.0;760.0;250.0;50.0;90.0;10.0;2000.0;22.7;18.6;60.1;5.0;22.1;71.2;4.8;20.4;19.1;30.3;37.4;2.0;260.0;290.0;50.0;450.0;80.0;14.0;335.0;135.0;115;0.0;20.0;20.0;10.0;5.0;20.0;25.0;10.0;910;835;75;0.7;1825.0;50;0.4;0.9;1.1;0.3;10.0;50;50;0;      6216;1.0;2;2254;2020;20_2020
21;9578;BU09350204;Maastricht                              ;Buurt     ;BU09350204;1;2120;1040;1080;315;295;505;570;440;1080;665;240;135;340;565;155;15;5;95;295;20.0;9.0;25.0;13.0;1120;535;255;330;1.9;5398;1161;140.0;43.0;57.0;92.0;8.0;15.0;84.0;82.0;2.0;0.0;98.0;2.0;2130.0;1710.0;2660.0;2520.0;3130.0;;2010.0;2830.0;980.0;830.0;1090.0;1280.0;1460.0;;950.0;1160.0;;690.0;730.0;240.0;50.0;89.0;11.0;1700.0;21.7;17.6;62.3;4.0;21.4;70.3;2.9;18.4;17.7;30.3;37.6;2.1;190.0;220.0;30.0;420.0;80.0;14.4;325.0;153.0;95;0.0;15.0;15.0;15.0;0.0;20.0;10.0;20.0;745;670;70;0.7;1893.0;35;0.5;0.7;0.7;0.8;9.2;39;39;0;      6217;1.0;2;2480;2020;21_2020
22;9579;BU09350205;Maastricht                              ;Buurt     ;BU09350205;1;3210;1545;1665;495;450;820;820;625;1710;925;395;170;615;735;175;25;10;115;410;25.0;8.0;35.0;11.0;1665;795;400;470;1.9;5289;1595;159.0;63.0;37.0;96.0;4.0;15.0;84.0;75.0;9.0;1.0;86.0;14.0;2320.0;1690.0;2640.0;2790.0;3550.0;3200.0;2200.0;3000.0;1000.0;710.0;1050.0;1270.0;1710.0;2360.0;960.0;1170.0;;980.0;790.0;600.0;49.0;90.0;10.0;2500.0;22.6;18.2;60.6;6.5;21.6;67.9;4.6;17.3;17.5;27.9;35.7;2.0;270.0;310.0;60.0;570.0;100.0;11.8;440.0;137.0;180;0.0;25.0;35.0;15.0;5.0;35.0;30.0;40.0;1020;920;100;0.6;1682.0;35;0.4;0.4;0.4;0.4;10.0;61;61;0;      6217;1.0;2;2068;2020;22_2020
23;9580;BU09350206;Maastricht                              ;Buurt     ;BU09350206;1;1900;875;1030;180;180;325;510;705;685;775;175;270;270;110;5;15;5;25;65;10.0;5.0;65.0;34.0;1020;510;290;215;1.8;1150;1051;225.0;56.0;44.0;95.0;5.0;56.0;44.0;39.0;5.0;0.0;73.0;27.0;2690.0;2060.0;2960.0;3230.0;3830.0;4560.0;2090.0;3110.0;1170.0;750.0;1340.0;1610.0;1930.0;2090.0;830.0;1400.0;;370.0;500.0;400.0;65.0;82.0;18.0;1600.0;30.8;27.3;41.8;15.7;28.7;47.7;14.2;5.5;7.0;12.0;16.8;85.7;20.0;90.0;30.0;670.0;30.0;9.1;385.0;203.0;155;5.0;20.0;25.0;10.0;10.0;40.0;20.0;25.0;840;740;100;0.8;508.0;55;0.6;0.7;0.8;0.7;7.2;166;166;0;      6218;1.0;2;1831;2020;23_2020
24;9581;BU09350207;Maastricht                              ;Buurt     ;BU09350207;1;5210;2480;2730;610;465;1090;1465;1580;2050;2135;580;435;860;705;160;30;25;185;305;50.0;10.0;85.0;16.0;2645;1080;850;715;1.9;3994;2609;169.0;68.0;32.0;98.0;2.0;31.0;69.0;64.0;5.0;0.0;79.0;21.0;2510.0;1850.0;2780.0;2890.0;3000.0;3880.0;2270.0;3060.0;900.0;600.0;1000.0;1140.0;1180.0;1780.0;860.0;1000.0;;1700.0;1610.0;550.0;54.0;90.0;10.0;4400.0;25.3;21.6;54.5;7.0;24.7;60.2;6.4;9.6;11.9;20.1;27.3;7.2;250.0;510.0;80.0;1490.0;140.0;14.4;870.0;167.0;245;0.0;45.0;45.0;25.0;5.0;40.0;50.0;30.0;2105;1925;180;0.8;1615.0;115;0.5;0.5;0.5;0.6;6.7;130;130;0;      6218;1.0;2;1720;2020;24_2020
25;9582;BU09350208;Maastricht                              ;Buurt     ;BU09350208;1;1970;1010;960;285;320;350;790;225;875;945;105;45;265;130;5;5;5;40;75;10.0;5.0;5.0;3.0;730;105;240;390;2.7;1466;713;315.0;91.0;9.0;99.0;1.0;89.0;10.0;0.0;10.0;1.0;62.0;38.0;3420.0;2420.0;3360.0;3520.0;3790.0;4280.0;2600.0;3510.0;1170.0;810.0;1110.0;1220.0;1300.0;1690.0;1000.0;1190.0;;420.0;680.0;510.0;77.0;86.0;14.0;1600.0;37.1;31.0;35.9;26.5;38.0;12.7;38.9;1.2;1.1;1.4;1.9;172.7;10.0;70.0;30.0;200.0;35.0;6.2;55.0;28.0;170;0.0;30.0;20.0;20.0;15.0;40.0;30.0;20.0;950;820;130;1.3;707.0;65;1.4;1.1;0.5;0.5;6.5;134;134;0;      6215;3.0;2;1585;2020;25_2020
26;9583;BU09350209;Maastricht                              ;Buurt     ;BU09350209;1;6560;3230;3330;705;700;1355;1970;1830;2690;2660;810;395;1020;470;75;25;20;50;295;55.0;9.0;55.0;8.0;3470;1530;1040;900;1.9;5972;3403;172.0;53.0;47.0;98.0;2.0;49.0;50.0;41.0;10.0;0.0;100.0;0.0;2570.0;2260.0;2850.0;2740.0;3160.0;4290.0;2220.0;2920.0;1080.0;890.0;1200.0;1310.0;1470.0;2000.0;960.0;1200.0;;1600.0;2500.0;950.0;59.0;90.0;10.0;5600.0;27.9;24.3;45.5;10.9;26.8;51.3;10.0;8.6;9.6;15.4;19.4;25.9;200.0;510.0;90.0;1680.0;130.0;10.3;730.0;111.0;320;0.0;40.0;45.0;15.0;20.0;65.0;75.0;60.0;2885;2685;200;0.8;2626.0;165;0.5;0.5;0.8;0.7;7.2;110;110;0;      6215;2.0;2;2003;2020;26_2020
27;9584;WK093503  ;Maastricht                              ;Wijk      ;WK093503  ;1;2145;1055;1090;210;300;480;645;510;1060;760;200;130;460;150;20;10;5;10;100;20.0;7.0;30.0;12.0;1200;585;365;250;1.8;554;1015;211.0;59.0;41.0;95.0;5.0;40.0;59.0;43.0;16.0;0.0;87.0;13.0;2850.0;2370.0;2950.0;3350.0;3690.0;4580.0;2530.0;3320.0;1090.0;810.0;1120.0;1410.0;1780.0;2380.0;930.0;1330.0;;490.0;720.0;520.0;58.0;83.0;17.0;1800.0;28.5;24.5;47.3;13.1;25.9;55.3;10.1;9.2;9.4;14.9;19.5;16.1;60.0;140.0;30.0;460.0;35.0;7.8;215.0;100.0;305;5.0;50.0;65.0;20.0;20.0;60.0;35.0;50.0;910;785;125;0.8;234.0;60;1.5;0.5;1.5;1.6;8.2;439;388;51;         .;;3;1482;2020;27_2020
28;9585;BU09350300;Maastricht                              ;Buurt     ;BU09350300;1;1595;805;785;165;165;360;525;375;740;585;155;110;315;110;10;5;5;10;80;15.0;8.0;25.0;14.0;880;400;280;195;1.8;1625;759;187.0;57.0;43.0;97.0;3.0;40.0;60.0;46.0;13.0;0.0;83.0;17.0;2810.0;2380.0;2940.0;3450.0;3350.0;5450.0;2530.0;3240.0;970.0;770.0;1020.0;1280.0;1500.0;2510.0;880.0;1120.0;;420.0;520.0;330.0;59.0;83.0;17.0;1300.0;28.7;24.6;45.6;12.8;26.2;53.6;8.7;9.0;9.9;15.3;20.2;18.0;50.0;120.0;20.0;340.0;30.0;10.3;185.0;116.0;145;0.0;15.0;20.0;15.0;5.0;35.0;20.0;35.0;685;610;70;0.8;697.0;45;1.8;0.5;1.8;1.9;7.2;147;98;49;      6219;1.0;4;955;2020;28_2020
29;9586;BU09350301;Maastricht                              ;Buurt     ;BU09350301;1;40;20;20;5;5;15;5;15;20;15;0;5;15;0;0;0;0;0;0;0.0;0.0;0.0;0.0;25;15;5;5;1.7;82;28;257.0;64.0;36.0;68.0;32.0;61.0;36.0;0.0;36.0;4.0;100.0;0.0;3260.0;;;;3130.0;4060.0;2600.0;3540.0;1740.0;;;;1620.0;2180.0;1530.0;1750.0;;;;;;;;0.0;;;;;;;;;;;;;;;;;;;;;50;0.0;15.0;25.0;0.0;0.0;5.0;0.0;5.0;20;15;5;;;0;1.2;0.8;1.1;1.2;8.9;47;47;0;      6219;1.0;3;1490;2020;29_2020
30;9587;BU09350302;Maastricht                              ;Buurt     ;BU09350302;1;420;180;240;35;115;90;90;100;250;125;25;15;115;35;5;0;0;0;20;0.0;5.0;0.0;5.0;250;145;65;35;1.7;848;183;276.0;54.0;46.0;97.0;3.0;30.0;70.0;46.0;25.0;0.0;100.0;0.0;2740.0;2340.0;2940.0;2860.0;;;2480.0;3360.0;1300.0;930.0;1450.0;1750.0;;;1040.0;1930.0;;60.0;140.0;150.0;50.0;85.0;15.0;300.0;27.8;24.2;52.9;13.8;23.2;64.4;13.0;10.6;8.2;14.1;18.8;5.4;10.0;20.0;0.0;90.0;;;30.0;71.0;40;0.0;5.0;5.0;0.0;5.0;10.0;10.0;5.0;125;105;20;0.5;256.0;10;0.4;0.5;0.4;0.4;12.8;51;50;2;      6217;3.0;1;3565;2020;30_2020
31;9588;BU09350303;Maastricht                              ;Buurt     ;BU09350303;1;20;15;10;0;5;10;5;0;15;5;5;0;0;5;0;0;0;0;5;0.0;0.0;0.0;0.0;10;5;0;5;2.0;21;15;;;;;;;;;;;;;3650.0;;;;;3290.0;;3610.0;2250.0;;;;;2150.0;;2400.0;;;;;;;;0.0;;;;;;;;;;;;;;;;;;;;;55;0.0;15.0;15.0;5.0;10.0;10.0;0.0;5.0;45;30;15;;;0;2.2;1.9;2.1;2.1;3.7;113;113;0;      6219;1.0;4;697;2020;31_2020
32;9589;BU09350304;Maastricht                              ;Buurt     ;BU09350304;1;70;35;35;5;15;10;20;15;35;25;10;5;20;0;0;0;0;0;0;0.0;14.0;5.0;28.0;30;15;10;10;2.1;88;30;328.0;100.0;0.0;93.0;7.0;87.0;10.0;0.0;10.0;3.0;100.0;0.0;3760.0;;3010.0;3510.0;;5070.0;;3870.0;1940.0;;1660.0;2110.0;;2090.0;;1850.0;;0.0;40.0;20.0;;;;100.0;;;;;;;;;;;;;0.0;0.0;0.0;20.0;;;;;10;;;;;;;;;35;25;5;;;5;1.6;1.5;1.6;1.6;4.5;81;81;0;      6218;1.0;5;375;2020;32_2020
33;9590;WK093504  ;Maastricht                              ;Wijk      ;WK093504  ;1;30165;14500;15665;3560;5940;6965;7860;5845;16095;9885;2620;1565;5660;3790;500;155;80;445;2610;215.0;7.0;370.0;12.0;16245;8520;4040;3685;1.8;2304;14707;212.0;57.0;43.0;93.0;7.0;39.0;60.0;39.0;22.0;0.0;89.0;11.0;2560.0;1940.0;2820.0;3010.0;3370.0;4490.0;2170.0;3130.0;1090.0;800.0;1160.0;1360.0;1630.0;2210.0;950.0;1310.0;;7180.0;9320.0;7650.0;57.0;87.0;13.0;23300.0;30.6;25.6;48.0;16.5;26.3;55.8;13.3;10.0;9.8;15.0;19.1;12.6;1120.0;1910.0;430.0;5340.0;745.0;9.0;2820.0;94.0;2485;10.0;200.0;435.0;155.0;145.0;645.0;550.0;340.0;11050;9815;1240;0.7;844.0;675;0.5;0.6;0.5;0.6;11.0;1321;1309;12;         .;;2;2298;2020;33_2020
34;9591;BU09350400;Maastricht                              ;Buurt     ;BU09350400;1;3725;1815;1915;285;785;1010;795;855;2165;955;370;235;840;565;75;25;10;60;390;25.0;6.0;60.0;16.0;2350;1510;525;310;1.5;4225;2235;179.0;32.0;68.0;88.0;12.0;22.0;77.0;36.0;41.0;1.0;99.0;1.0;2220.0;1900.0;2760.0;2930.0;3270.0;;2060.0;2740.0;1010.0;840.0;1250.0;1470.0;1650.0;;940.0;1210.0;;710.0;1130.0;1190.0;54.0;89.0;11.0;2900.0;27.6;24.2;49.3;14.2;23.6;64.8;7.0;10.4;10.7;16.3;20.3;5.0;150.0;200.0;60.0;790.0;55.0;6.2;455.0;122.0;280;0.0;20.0;40.0;15.0;10.0;75.0;70.0;45.0;1255;1130;125;0.5;1426.0;65;0.5;0.6;0.5;0.5;14.4;88;88;0;      6224;1.0;1;3468;2020;34_2020
35;9592;BU09350401;Maastricht                              ;Buurt     ;BU09350401;1;2835;1340;1495;290;660;740;665;490;1615;825;265;135;675;450;50;15;10;110;260;25.0;9.0;30.0;10.0;1660;975;360;330;1.7;8605;1431;185.0;52.0;48.0;96.0;4.0;29.0;70.0;53.0;17.0;0.0;76.0;24.0;2280.0;1700.0;2780.0;2960.0;2600.0;;2030.0;2880.0;770.0;630.0;870.0;920.0;1200.0;;790.0;740.0;18.2;800.0;850.0;670.0;55.0;90.0;10.0;2200.0;27.3;23.2;51.2;13.3;23.4;61.9;10.1;10.2;11.1;16.4;20.8;5.9;90.0;210.0;40.0;450.0;65.0;8.2;295.0;104.0;205;0.0;20.0;35.0;20.0;15.0;60.0;35.0;25.0;930;800;130;0.6;2823.0;45;0.5;0.3;0.3;0.3;16.3;33;33;0;      6221;1.0;1;3279;2020;35_2020
36;9593;BU09350402;Maastricht                              ;Buurt     ;BU09350402;1;5415;2595;2815;710;1100;1405;1440;760;3140;1540;530;200;1125;980;200;35;15;150;575;45.0;8.0;50.0;9.0;2945;1565;665;715;1.8;4771;2583;173.0;59.0;41.0;94.0;6.0;27.0;73.0;49.0;24.0;1.0;83.0;17.0;2370.0;1860.0;2670.0;2820.0;3480.0;;2210.0;2800.0;1050.0;870.0;1110.0;1270.0;1750.0;;1030.0;1090.0;;1820.0;1610.0;1010.0;54.0;88.0;12.0;4200.0;25.5;20.8;56.8;10.7;22.3;63.9;7.7;15.8;16.0;23.2;28.0;2.2;370.0;460.0;70.0;680.0;180.0;11.5;540.0;100.0;405;0.0;30.0;90.0;30.0;10.0;90.0;80.0;75.0;1615;1415;205;0.5;1424.0;95;0.5;0.5;0.4;0.5;12.1;115;113;2;      6224;4.0;1;2826;2020;36_2020
37;9594;BU09350403;Maastricht                              ;Buurt     ;BU09350403;1;3155;1585;1570;390;545;845;795;570;1795;845;350;165;505;515;60;20;10;50;360;20.0;7.0;30.0;10.0;1880;1095;405;380;1.7;2458;1743;139.0;49.0;51.0;94.0;6.0;16.0;83.0;65.0;19.0;1.0;96.0;4.0;2420.0;2110.0;2670.0;2670.0;3450.0;4230.0;2310.0;2950.0;910.0;760.0;990.0;1120.0;1190.0;2270.0;860.0;1120.0;;940.0;1140.0;430.0;50.0;90.0;10.0;2600.0;22.2;18.7;58.9;4.3;20.5;74.7;2.6;16.9;15.5;24.1;32.1;1.6;250.0;320.0;60.0;510.0;120.0;14.7;375.0;119.0;210;0.0;20.0;45.0;10.0;15.0;55.0;30.0;35.0;1030;950;85;0.5;805.0;65;0.4;0.4;0.7;0.7;8.5;128;128;0;      6222;1.0;3;1479;2020;37_2020
38;9595;BU09350404;Maastricht                              ;Buurt     ;BU09350404;1;2000;975;1030;210;615;420;470;295;1205;545;175;80;330;245;40;10;0;15;175;10.0;5.0;15.0;7.0;985;515;250;220;1.8;1638;829;162.0;80.0;20.0;96.0;4.0;30.0;70.0;56.0;14.0;0.0;93.0;7.0;2510.0;1830.0;2630.0;2740.0;3060.0;4120.0;2250.0;3100.0;1140.0;760.0;1110.0;1390.0;1680.0;2420.0;1080.0;1270.0;;480.0;950.0;180.0;57.0;89.0;11.0;1500.0;23.2;19.6;56.4;7.1;21.3;65.3;4.3;13.7;11.4;18.3;23.9;3.6;100.0;160.0;20.0;260.0;45.0;6.1;150.0;75.0;125;0.0;15.0;35.0;5.0;0.0;25.0;25.0;15.0;670;630;40;0.7;546.0;60;1.0;1.1;0.6;0.6;6.6;132;122;9;      6222;1.0;3;1013;2020;38_2020
39;9596;BU09350405;Maastricht                              ;Buurt     ;BU09350405;1;6455;3050;3405;795;1225;1425;1690;1320;3415;2260;485;305;1260;545;45;30;10;30;425;50.0;8.0;75.0;11.0;3455;1810;905;745;1.8;1754;3145;270.0;56.0;44.0;92.0;8.0;56.0;44.0;19.0;25.0;0.0;90.0;10.0;2770.0;1980.0;2990.0;3460.0;3590.0;4460.0;2090.0;3260.0;1320.0;840.0;1460.0;1670.0;1800.0;2420.0;1000.0;1550.0;;870.0;1830.0;2500.0;61.0;83.0;17.0;4900.0;38.7;32.0;40.3;26.1;31.6;46.5;22.7;5.8;5.3;8.7;10.9;65.8;110.0;290.0;90.0;1210.0;105.0;6.1;410.0;64.0;685;5.0;35.0;110.0;35.0;45.0;190.0;185.0;75.0;2675;2305;370;0.8;727.0;140;0.5;0.6;0.4;0.5;12.5;368;368;0;      6226;2.0;2;2468;2020;39_2020
40;9597;BU09350406;Maastricht                              ;Buurt     ;BU09350406;1;6575;3145;3430;880;1015;1125;2005;1555;2760;2925;440;450;930;500;20;10;20;30;425;45.0;7.0;115.0;18.0;2965;1060;920;985;2.2;1442;2741;284.0;80.0;20.0;96.0;4.0;68.0;32.0;25.0;6.0;0.0;88.0;12.0;2990.0;2210.0;2990.0;3080.0;3290.0;4720.0;2270.0;3320.0;1220.0;780.0;1180.0;1370.0;1580.0;1970.0;940.0;1350.0;;1490.0;1790.0;1750.0;64.0;86.0;14.0;5000.0;36.7;30.2;38.2;23.8;33.6;32.2;24.9;3.6;4.0;6.2;8.9;146.8;50.0;280.0;90.0;1440.0;175.0;9.9;600.0;91.0;575;0.0;55.0;80.0;35.0;50.0;155.0;125.0;75.0;2875;2590;285;1.0;630.0;200;0.6;0.6;0.6;0.8;7.0;457;456;1;      6225;1.0;3;1012;2020;40_2020
41;9598;WK093505  ;Maastricht                              ;Wijk      ;WK093505  ;1;2645;1355;1290;270;270;510;835;760;1005;1235;215;185;330;65;10;5;0;0;50;25.0;8.0;25.0;10.0;1350;505;505;335;2.0;292;1310;223.0;88.0;12.0;95.0;5.0;70.0;29.0;15.0;14.0;1.0;96.0;4.0;2970.0;1910.0;3030.0;3030.0;2870.0;3700.0;2360.0;3220.0;1410.0;840.0;1310.0;1400.0;1440.0;1970.0;1120.0;1530.0;;590.0;950.0;530.0;62.0;83.0;17.0;2300.0;30.8;26.9;43.2;15.2;30.4;41.1;14.4;5.0;4.8;8.1;11.1;98.7;30.0;170.0;40.0;720.0;65.0;13.8;230.0;87.0;480;10.0;100.0;115.0;45.0;35.0;100.0;50.0;30.0;1595;1385;210;1.2;176.0;175;1.4;3.7;1.3;1.3;1.2;1052;907;145;         .;;5;275;2020;41_2020
42;9599;BU09350500;Maastricht                              ;Buurt     ;BU09350500;1;10;10;5;5;5;5;0;0;10;0;0;0;0;5;0;0;0;0;0;0.0;0.0;0.0;0.0;10;5;0;0;1.5;6;17;;;;;;;;;;;;;3960.0;;;;;;;4030.0;1720.0;;;;;;;1850.0;;;;;;;;0.0;;;;;;;;;;;;;;;;;;;;;245;0.0;70.0;95.0;25.0;20.0;30.0;5.0;5.0;155;95;60;;;5;2.3;2.2;1.8;1.8;2.9;222;203;19;      6222;1.0;5;249;2020;42_2020
43;9600;BU09350501;Maastricht                              ;Buurt     ;BU09350501;1;1700;860;845;175;165;340;515;505;645;785;150;115;235;40;0;0;0;0;35;10.0;7.0;20.0;12.0;870;320;340;215;2.0;579;846;199.0;86.0;14.0;97.0;3.0;65.0;35.0;19.0;16.0;1.0;96.0;4.0;2850.0;1830.0;3010.0;2860.0;2940.0;3640.0;2270.0;3160.0;1340.0;770.0;1290.0;1380.0;1470.0;1970.0;1030.0;1500.0;;400.0;580.0;350.0;60.0;86.0;14.0;1500.0;29.8;25.9;44.4;14.2;29.4;42.8;11.4;5.3;5.2;8.7;11.6;72.1;20.0;110.0;30.0;480.0;35.0;11.7;155.0;91.0;120;5.0;20.0;10.0;10.0;5.0;30.0;20.0;20.0;895;810;85;1.0;304.0;75;0.4;3.9;0.5;0.5;1.0;363;294;69;      6223;1.0;5;347;2020;43_2020
44;9601;BU09350502;Maastricht                              ;Buurt     ;BU09350502;1;905;470;435;90;95;165;315;245;335;435;65;70;90;20;5;5;0;0;15;10.0;11.0;5.0;7.0;455;170;160;125;2.0;347;434;248.0;95.0;5.0;96.0;4.0;81.0;18.0;10.0;9.0;0.0;97.0;3.0;3130.0;1990.0;3080.0;3430.0;2750.0;3560.0;2480.0;3280.0;1500.0;1090.0;1360.0;1430.0;1400.0;1840.0;1310.0;1550.0;;180.0;350.0;180.0;66.0;80.0;20.0;800.0;32.4;28.4;40.7;16.5;32.3;36.8;19.7;4.1;3.6;6.8;10.2;152.0;10.0;60.0;10.0;230.0;25.0;14.8;75.0;83.0;85;5.0;10.0;10.0;10.0;5.0;25.0;15.0;10.0;520;460;60;1.1;199.0;100;3.1;3.3;2.8;2.8;1.5;317;261;56;      6223;1.0;5;144;2020;44_2020
45;9602;BU09350503;Maastricht                              ;Buurt     ;BU09350503;1;25;15;5;0;0;5;10;10;10;10;0;5;5;0;0;0;0;0;0;0.0;0.0;0.0;45.0;15;5;10;0;1.6;15;13;;;;;;;;;;;;;4700.0;;;;;6630.0;;4170.0;3170.0;;;;;4870.0;;2750.0;;;;;;;;0.0;;;;;;;;;;;;;;;;;;;;;25;0.0;0.0;0.0;0.0;0.0;10.0;10.0;0.0;30;20;5;;;0;1.8;1.6;1.2;1.2;3.7;150;149;2;      6222;1.0;5;225;2020;45_2020
46;9603;WK093506  ;Maastricht                              ;Wijk      ;WK093506  ;1;20950;10225;10725;2425;2830;5230;6185;4275;10145;7850;1915;1035;3725;1935;160;165;85;145;1380;160.0;7.0;245.0;12.0;10740;4885;3110;2745;1.9;2160;10410;206.0;60.0;40.0;95.0;5.0;49.0;51.0;34.0;17.0;0.0;94.0;6.0;2550.0;1810.0;2870.0;2990.0;3160.0;4240.0;2070.0;3020.0;1050.0;700.0;1110.0;1320.0;1570.0;2150.0;850.0;1250.0;;4300.0;6130.0;6240.0;62.0;87.0;13.0;16700.0;31.7;26.7;43.4;16.9;28.2;48.4;13.6;7.8;7.9;12.7;16.0;31.5;570.0;1460.0;310.0;3900.0;465.0;10.1;1965.0;94.0;1915;10.0;200.0;370.0;130.0;105.0;450.0;420.0;235.0;8915;7915;1005;0.8;919.0;510;0.7;0.7;0.5;0.6;10.7;1090;970;120;         .;;2;1706;2020;46_2020
47;9604;BU09350600;Maastricht                              ;Buurt     ;BU09350600;1;1990;980;1010;190;290;565;590;360;1040;680;180;85;415;245;10;10;10;10;205;10.0;7.0;10.0;6.0;1165;620;315;225;1.7;736;1166;223.0;38.0;62.0;81.0;19.0;46.0;53.0;13.0;40.0;1.0;100.0;0.0;2190.0;1690.0;2630.0;3200.0;4160.0;3870.0;1680.0;2620.0;860.0;670.0;1030.0;1270.0;1350.0;2170.0;710.0;990.0;;180.0;440.0;1070.0;60.0;87.0;13.0;1600.0;35.8;30.4;37.0;23.5;30.0;46.3;15.5;6.5;6.9;9.3;11.4;62.0;40.0;90.0;40.0;330.0;30.0;7.8;95.0;48.0;525;5.0;60.0;100.0;45.0;40.0;140.0;105.0;30.0;1020;840;185;0.9;378.0;45;0.8;0.8;0.4;0.4;13.8;278;270;8;      6229;1.0;2;1886;2020;47_2020
48;9605;BU09350601;Maastricht                              ;Buurt     ;BU09350601;1;4485;2140;2350;450;640;1020;1390;985;2295;1535;415;245;775;350;35;25;10;25;255;25.0;6.0;85.0;19.0;2190;1015;625;550;1.9;2899;2211;205.0;58.0;42.0;97.0;3.0;43.0;56.0;42.0;14.0;0.0;92.0;8.0;2480.0;1730.0;2900.0;2980.0;3360.0;4240.0;2030.0;3060.0;1040.0;700.0;1130.0;1340.0;1630.0;2280.0;820.0;1310.0;;1110.0;1300.0;1140.0;63.0;88.0;12.0;3400.0;31.6;26.9;44.8;17.4;27.8;50.1;14.2;8.2;7.9;13.2;16.9;28.9;120.0;480.0;70.0;920.0;85.0;8.9;645.0;144.0;300;0.0;25.0;40.0;20.0;15.0;75.0;75.0;45.0;1740;1565;175;0.8;1125.0;95;0.7;0.8;0.7;0.7;8.1;267;155;112;      6229;1.0;3;1256;2020;48_2020
49;9606;BU09350602;Maastricht                              ;Buurt     ;BU09350602;1;7415;3585;3835;850;1025;1825;2060;1655;3475;2900;660;385;1295;615;70;25;35;70;420;70.0;9.0;75.0;10.0;3910;1760;1180;970;1.9;3474;3644;202.0;66.0;34.0;97.0;3.0;47.0;52.0;35.0;17.0;0.0;96.0;4.0;2540.0;1770.0;2780.0;2940.0;2960.0;4130.0;2100.0;3020.0;1140.0;750.0;1140.0;1390.0;1560.0;2300.0;930.0;1360.0;;1610.0;2400.0;1750.0;62.0;87.0;13.0;6100.0;29.2;24.8;45.8;14.5;26.7;50.7;11.3;8.2;7.8;13.1;17.0;23.5;210.0;440.0;90.0;1500.0;145.0;8.8;635.0;86.0;585;0.0;70.0;120.0;35.0;25.0;130.0;110.0;95.0;3050;2780;270;0.8;1428.0;200;0.6;0.7;0.3;0.6;12.2;214;214;0;      6227;1.0;2;2043;2020;49_2020
50;9607;BU09350603;Maastricht                              ;Buurt     ;BU09350603;1;5990;3010;2980;775;745;1675;1785;1015;2925;2275;590;205;1090;645;45;95;30;40;430;45.0;7.0;45.0;7.0;3090;1390;880;825;1.9;4238;2991;174.0;61.0;39.0;97.0;3.0;53.0;47.0;39.0;8.0;0.0;100.0;0.0;2570.0;1950.0;2890.0;2910.0;3010.0;3810.0;2190.0;2910.0;980.0;670.0;1060.0;1220.0;1520.0;1930.0;820.0;1120.0;;1320.0;1820.0;1790.0;62.0;89.0;11.0;4900.0;29.9;24.8;43.4;13.4;27.3;48.2;10.4;8.1;8.9;13.8;16.9;27.3;200.0;440.0;90.0;910.0;180.0;13.6;410.0;68.0;395;0.0;40.0;95.0;30.0;15.0;65.0;100.0;55.0;2640;2345;295;0.9;1868.0;150;0.6;0.6;0.6;0.6;9.6;141;141;0;      6228;1.0;2;1530;2020;50_2020
51;9608;BU09350604;Maastricht                              ;Buurt     ;BU09350604;1;1065;510;550;160;130;140;365;265;410;470;65;120;155;80;0;5;0;0;70;5.0;5.0;30.0;30.0;385;100;120;170;2.5;559;398;435.0;73.0;27.0;98.0;2.0;72.0;28.0;1.0;27.0;0.0;33.0;67.0;3750.0;2080.0;4030.0;4330.0;4110.0;5070.0;2300.0;4300.0;1370.0;660.0;1410.0;1620.0;1460.0;2130.0;810.0;1590.0;;130.0;200.0;420.0;72.0;80.0;20.0;700.0;57.2;45.1;30.7;42.9;48.0;22.5;54.8;3.0;3.6;6.0;7.1;323.4;10.0;20.0;10.0;250.0;25.0;9.2;175.0;165.0;110;5.0;5.0;10.0;5.0;10.0;40.0;25.0;10.0;465;380;80;1.2;245.0;20;0.8;0.7;0.9;0.7;11.6;190;190;0;      6228;3.0;2;1594;2020;51_2020
0;9738;GM0935    ;Maastricht                              ;Gemeente  ;GM0935    ;.;120227;57649;62578;12488;22698;28592;29856;26593;63857;38989;10701;6680;25978;13802;1693;700;351;1611;9447;868.0;7.0;1390.0;12.0;68032;37037;17484;13511;1.7;2147;62839;239.0;51.0;49.0;92.0;8.0;39.0;60.0;35.0;25.0;1.0;91.0;9.0;2520.0;1980.0;2860.0;3000.0;3290.0;4410.0;2120.0;3110.0;1230.0;900.0;1380.0;1550.0;1840.0;2620.0;1030.0;1510.0;3.3;24290.0;37860.0;34500.0;57.0;86.0;14.0;94100.0;32.3;27.5;47.2;16.3;28.3;55.7;12.5;9.5;9.6;14.6;18.5;19.4;3680.0;7040.0;1070.0;24770.0;;;12080.0;100.0;12390;50.0;1055.0;2690.0;775.0;885.0;2985.0;2295.0;1655.0;45810;40360;5450;0.7;818.0;2630;0.6;0.6;0.5;0.6;10.4;6012;5599;413;         .;;1;2520;2021;0_2021
1;9739;WK093500  ;Maastricht                              ;Wijk      ;WK093500  ;1;19695;9260;10435;835;6270;5710;3100;3775;13425;3930;1390;940;6540;2400;115;115;55;205;1920;105.0;5.0;235.0;12.0;13795;10055;2845;900;1.4;7188;12432;274.0;17.0;83.0;84.0;16.0;21.0;76.0;23.0;54.0;3.0;88.0;12.0;2170.0;1960.0;3060.0;3050.0;4010.0;4720.0;1960.0;2890.0;980.0;810.0;1670.0;1680.0;2240.0;3130.0;920.0;1180.0;14.6;2080.0;6820.0;8790.0;53.0;83.0;17.0;14300.0;34.6;30.9;47.8;19.6;26.1;65.6;10.3;10.5;9.4;13.6;16.6;5.5;350.0;640.0;170.0;3550.0;;;1400.0;71.0;3560;5.0;150.0;1145.0;200.0;350.0;815.0;445.0;450.0;5225;4440;785;0.4;1908.0;255;0.5;0.4;0.4;0.5;14.3;310;274;37;         .;;1;4077;2021;1_2021
2;9740;BU09350000;Maastricht                              ;Buurt     ;BU09350000;1;2130;975;1150;45;975;655;240;220;1715;280;80;45;945;260;5;15;15;25;205;5.0;2.0;10.0;4.0;1670;1305;300;65;1.3;6865;1601;285.0;11.0;89.0;75.0;25.0;16.0;79.0;8.0;72.0;5.0;97.0;3.0;2110.0;1970.0;3260.0;3550.0;;;1970.0;2890.0;1160.0;1030.0;2170.0;2950.0;;;1070.0;1660.0;;190.0;840.0;1040.0;48.0;80.0;20.0;1400.0;;;54.7;15.4;;73.3;7.5;9.5;7.4;9.9;12.7;0.9;20.0;30.0;20.0;200.0;;;35.0;16.0;820;0.0;20.0;515.0;25.0;50.0;90.0;40.0;85.0;460;375;80;0.3;1472.0;20;0.3;0.4;0.4;0.4;14.0;36;31;5;      6211;1.0;1;4598;2021;2_2021
3;9741;BU09350001;Maastricht                              ;Buurt     ;BU09350001;1;1600;750;850;75;505;360;285;370;1035;355;115;95;590;130;5;5;5;5;105;10.0;4.0;25.0;16.0;1125;810;240;70;1.4;3137;1078;360.0;29.0;71.0;81.0;19.0;26.0;72.0;21.0;50.0;3.0;94.0;6.0;2530.0;1990.0;3480.0;3780.0;4620.0;5230.0;2070.0;3700.0;1470.0;1130.0;2010.0;2380.0;2970.0;3510.0;1180.0;2220.0;;100.0;530.0;740.0;50.0;77.0;23.0;1100.0;;;45.4;20.9;;63.9;13.5;10.0;8.7;11.8;13.4;8.8;20.0;30.0;10.0;360.0;;;100.0;63.0;345;0.0;25.0;100.0;5.0;45.0;65.0;50.0;55.0;500;415;85;0.4;990.0;30;0.3;0.6;0.2;0.4;13.0;57;51;6;      6211;1.0;1;4302;2021;3_2021
4;9742;BU09350002;Maastricht                              ;Buurt     ;BU09350002;1;2555;1120;1430;90;830;635;350;645;1705;465;170;215;845;230;5;15;5;20;190;5.0;3.0;70.0;27.0;1685;1255;315;115;1.4;9819;1444;267.0;17.0;83.0;84.0;16.0;25.0;72.0;23.0;49.0;2.0;91.0;9.0;2250.0;2050.0;3160.0;3200.0;4570.0;;1960.0;3070.0;1190.0;1050.0;1810.0;1520.0;2420.0;;1080.0;1470.0;;360.0;700.0;1050.0;50.0;84.0;16.0;1700.0;;;52.5;17.1;;69.2;9.3;9.9;10.1;13.6;17.3;3.2;30.0;50.0;30.0;630.0;;;325.0;127.0;295;0.0;10.0;55.0;15.0;15.0;90.0;65.0;45.0;615;540;75;0.4;2417.0;30;0.2;0.5;0.4;0.4;13.5;26;26;0;      6211;1.0;1;4186;2021;4_2021
5;9743;BU09350003;Maastricht                              ;Buurt     ;BU09350003;1;4360;2145;2215;190;1550;1325;655;635;3215;680;350;125;1505;480;30;25;5;35;385;25.0;6.0;75.0;17.0;3050;2330;500;220;1.3;10381;2435;239.0;25.0;75.0;86.0;14.0;16.0;80.0;33.0;48.0;4.0;84.0;16.0;2020.0;1750.0;2760.0;2950.0;2380.0;;1850.0;2900.0;880.0;770.0;1220.0;1000.0;950.0;;870.0;980.0;14.8;510.0;1950.0;1850.0;51.0;86.0;14.0;3000.0;30.2;26.8;54.5;16.6;;72.7;9.1;14.0;12.6;20.5;24.6;1.7;130.0;280.0;40.0;580.0;;;445.0;102.0;525;0.0;30.0;95.0;40.0;55.0;120.0;100.0;90.0;950;800;150;0.3;2239.0;40;0.6;0.4;0.4;0.5;12.6;42;42;0;      6211;1.0;1;3867;2021;5_2021
6;9744;BU09350004;Maastricht                              ;Buurt     ;BU09350004;1;1840;885;955;45;540;660;310;290;1340;265;170;65;595;235;20;20;5;15;175;15.0;6.0;15.0;7.0;1420;1060;290;70;1.3;5935;1389;191.0;8.0;92.0;87.0;13.0;17.0;82.0;26.0;56.0;1.0;98.0;2.0;1850.0;1800.0;2310.0;2930.0;;;1780.0;2180.0;970.0;920.0;1410.0;2040.0;;;910.0;1200.0;;130.0;690.0;920.0;58.0;86.0;14.0;1500.0;;;44.6;19.4;;66.7;8.4;8.7;8.6;12.8;16.4;5.8;30.0;50.0;30.0;260.0;;;105.0;57.0;310;0.0;10.0;80.0;30.0;35.0;70.0;45.0;40.0;515;460;55;0.4;1668.0;35;0.4;0.4;0.9;0.8;13.9;40;31;9;      6211;1.0;1;3541;2021;6_2021
7;9745;BU09350005;Maastricht                              ;Buurt     ;BU09350005;1;1920;920;1005;175;540;585;400;220;1255;425;175;60;430;545;30;10;10;75;420;15.0;7.0;15.0;7.0;1110;795;200;125;1.4;5192;951;197.0;40.0;60.0;95.0;5.0;13.0;86.0;57.0;28.0;1.0;100.0;0.0;2090.0;1590.0;2790.0;2580.0;3350.0;;1940.0;3000.0;1170.0;870.0;1570.0;1700.0;1310.0;;1060.0;1880.0;;410.0;600.0;750.0;55.0;86.0;14.0;1300.0;;;56.8;12.3;;73.8;7.0;19.8;16.9;24.0;29.6;2.2;80.0;100.0;20.0;200.0;;;125.0;65.0;170;0.0;10.0;20.0;15.0;5.0;55.0;30.0;30.0;405;350;55;0.4;1095.0;30;0.9;0.4;0.4;0.8;14.8;45;37;8;      6221;1.0;1;3702;2021;7_2021
8;9746;BU09350006;Maastricht                              ;Buurt     ;BU09350006;1;5295;2460;2835;210;1330;1485;865;1395;3165;1455;335;340;1620;530;15;30;10;30;445;40.0;7.0;25.0;5.0;3735;2500;995;235;1.4;9452;3534;323.0;9.0;91.0;84.0;16.0;29.0;69.0;12.0;58.0;2.0;77.0;23.0;2310.0;2170.0;3660.0;2910.0;;;2110.0;2770.0;690.0;540.0;2090.0;1690.0;;;690.0;680.0;39.9;380.0;1560.0;2420.0;57.0;83.0;17.0;4200.0;41.1;36.9;37.9;26.0;31.5;53.5;13.5;6.9;6.0;8.0;9.5;25.8;40.0;100.0;40.0;1330.0;;;265.0;50.0;1090;0.0;45.0;280.0;70.0;145.0;325.0;115.0;110.0;1780;1495;285;0.5;3156.0;65;0.5;0.3;0.4;0.4;16.7;66;56;9;      6221;1.0;1;4102;2021;8_2021
9;9747;WK093501  ;Maastricht                              ;Wijk      ;WK093501  ;1;8965;4240;4730;1200;1220;1620;2370;2555;4045;3665;650;610;1805;485;15;30;15;40;385;65.0;7.0;125.0;14.0;4435;1885;1450;1105;2.0;1034;4540;395.0;69.0;31.0;91.0;9.0;65.0;35.0;6.0;29.0;0.0;99.0;1.0;3050.0;1960.0;3210.0;3330.0;3620.0;4640.0;2030.0;3540.0;1880.0;1270.0;1860.0;2000.0;2250.0;3190.0;1330.0;2140.0;;1080.0;1790.0;3730.0;62.0;75.0;25.0;6800.0;49.8;41.0;33.7;34.0;47.2;31.0;32.3;3.5;3.9;5.0;6.8;309.9;40.0;190.0;80.0;2480.0;;;580.0;65.0;1215;5.0;65.0;125.0;60.0;135.0;380.0;280.0;170.0;4235;3510;720;1.0;488.0;210;0.8;0.7;0.6;0.7;9.9;915;867;48;         .;;2;1909;2021;9_2021
10;9748;BU09350100;Maastricht                              ;Buurt     ;BU09350100;1;3210;1490;1720;460;445;545;895;865;1465;1330;225;195;670;225;0;10;10;15;190;15.0;5.0;35.0;10.0;1555;660;515;380;2.0;4011;1492;488.0;69.0;31.0;93.0;7.0;74.0;25.0;4.0;21.0;1.0;98.0;2.0;3260.0;2320.0;3530.0;3680.0;3690.0;4540.0;2370.0;3560.0;2000.0;1370.0;2090.0;2270.0;2420.0;3300.0;1510.0;2160.0;;320.0;650.0;1390.0;64.0;73.0;27.0;2400.0;;45.3;33.2;37.3;;28.6;36.8;4.3;4.4;5.6;7.1;411.5;20.0;60.0;20.0;800.0;;;130.0;40.0;500;0.0;20.0;55.0;20.0;55.0;165.0;120.0;60.0;1530;1255;280;1.0;1922.0;60;0.4;0.4;0.5;0.5;11.0;101;80;21;      6212;1.0;2;1955;2021;10_2021
11;9749;BU09350101;Maastricht                              ;Buurt     ;BU09350101;1;1235;600;635;185;150;240;375;285;585;495;90;65;215;50;5;5;0;5;35;10.0;10.0;10.0;7.0;580;215;190;180;2.1;3987;557;404.0;90.0;10.0;96.0;4.0;73.0;27.0;15.0;12.0;1.0;100.0;0.0;3060.0;2550.0;2910.0;3150.0;3150.0;5260.0;2350.0;3310.0;1820.0;1520.0;1660.0;1880.0;1940.0;3540.0;1360.0;1980.0;;300.0;150.0;460.0;67.0;77.0;23.0;1000.0;;;32.7;37.0;;28.5;34.6;4.7;4.7;6.2;7.9;300.1;10.0;40.0;10.0;260.0;;;50.0;40.0;165;0.0;15.0;10.0;15.0;15.0;50.0;40.0;20.0;560;465;95;1.0;1797.0;55;0.8;0.8;0.6;0.8;10.5;31;31;0;      6212;1.0;2;2010;2021;11_2021
12;9750;BU09350102;Maastricht                              ;Buurt     ;BU09350102;1;1775;860;915;220;390;350;410;405;945;635;110;85;470;125;5;5;5;20;95;15.0;10.0;15.0;7.0;990;520;265;210;1.8;3171;1171;315.0;50.0;50.0;81.0;19.0;46.0;54.0;1.0;53.0;0.0;100.0;0.0;2690.0;1450.0;3110.0;3470.0;3610.0;4680.0;1570.0;3720.0;1680.0;970.0;1810.0;2050.0;2190.0;3070.0;1060.0;2240.0;;140.0;490.0;800.0;55.0;74.0;26.0;1300.0;;;33.6;36.4;;34.6;33.1;3.3;2.5;3.4;4.5;289.5;0.0;20.0;20.0;440.0;;;100.0;56.0;220;0.0;5.0;25.0;10.0;30.0;60.0;55.0;30.0;750;615;135;0.8;1345.0;40;1.2;0.5;0.7;1.3;12.0;56;56;0;      6213;1.0;2;2426;2021;12_2021
13;9751;BU09350103;Maastricht                              ;Buurt     ;BU09350103;1;1190;535;645;100;85;180;270;550;395;510;95;185;185;30;0;5;0;5;20;5.0;5.0;60.0;51.0;590;265;210;115;1.8;3041;625;373.0;57.0;43.0;93.0;7.0;64.0;36.0;0.0;36.0;0.0;99.0;1.0;3030.0;2020.0;3120.0;3670.0;3770.0;4760.0;1950.0;3670.0;2030.0;1510.0;1930.0;2180.0;2340.0;3360.0;1510.0;2350.0;;100.0;210.0;450.0;62.0;76.0;24.0;900.0;;;31.2;30.6;;36.6;27.1;2.4;3.8;5.1;7.6;242.5;0.0;20.0;10.0;530.0;;;235.0;197.0;115;0.0;5.0;10.0;0.0;15.0;45.0;20.0;15.0;590;490;100;1.0;1502.0;25;1.2;1.1;0.9;0.9;9.9;39;39;0;      6213;1.0;2;1839;2021;13_2021
14;9752;BU09350104;Maastricht                              ;Buurt     ;BU09350104;1;1405;670;735;215;130;280;375;410;595;630;120;65;230;50;5;5;5;0;40;10.0;7.0;5.0;4.0;650;195;250;200;2.2;2607;633;305.0;92.0;8.0;96.0;4.0;72.0;28.0;15.0;13.0;0.0;100.0;0.0;3030.0;2150.0;2890.0;2910.0;3670.0;4340.0;2400.0;3280.0;1760.0;1320.0;1570.0;1730.0;2240.0;2770.0;1400.0;1900.0;;150.0;290.0;590.0;65.0;80.0;20.0;1100.0;;;36.6;23.7;;29.8;22.9;1.6;3.0;3.6;6.7;204.2;10.0;40.0;10.0;410.0;;;60.0;43.0;145;5.0;10.0;15.0;5.0;10.0;35.0;35.0;25.0;700;610;90;1.1;1283.0;30;0.8;0.9;0.4;0.4;4.9;54;54;0;      6213;2.0;3;1045;2021;14_2021
15;9753;BU09350105;Maastricht                              ;Buurt     ;BU09350105;1;155;75;75;20;20;20;50;40;65;70;10;10;35;5;0;0;0;0;5;0.0;0.0;0.0;7.0;75;30;25;15;2.1;25;62;687.0;89.0;11.0;92.0;8.0;82.0;18.0;0.0;18.0;0.0;95.0;5.0;4090.0;;3140.0;3740.0;3980.0;4530.0;3440.0;4220.0;2630.0;;1630.0;2100.0;2340.0;3220.0;2360.0;2680.0;;20.0;40.0;60.0;;;;100.0;;;43.2;39.4;;;;;;;;;0.0;0.0;0.0;40.0;;;;;75;0.0;5.0;10.0;5.0;5.0;25.0;10.0;15.0;105;80;25;1.4;17.0;5;1.9;1.9;1.7;1.8;5.0;633;606;27;      6212;3.0;4;538;2021;15_2021
16;9754;WK093502  ;Maastricht                              ;Wijk      ;WK093502  ;1;35955;17165;18785;4055;5905;8020;9310;8655;17915;12100;3690;2250;7290;4860;885;200;110;755;2905;280.0;8.0;415.0;12.0;19965;10195;5160;4605;1.8;4062;18219;194.0;56.0;44.0;95.0;5.0;37.0;62.0;50.0;12.0;1.0;91.0;9.0;2470.0;2000.0;2760.0;2850.0;3120.0;4210.0;2160.0;2990.0;1200.0;980.0;1300.0;1450.0;1560.0;2240.0;1080.0;1400.0;;9160.0;12080.0;6570.0;54.0;88.0;12.0;28800.0;27.6;23.4;51.4;10.6;25.8;58.9;8.8;11.1;11.6;18.4;23.2;13.3;1570.0;2580.0;350.0;7990.0;;;4185.0;116.0;2295;10.0;270.0;385.0;165.0;85.0;510.0;495.0;375.0;13585;12330;1250;0.7;1535.0;740;0.6;0.5;0.5;0.6;9.4;885;885;0;         .;;2;2420;2021;16_2021
17;9755;BU09350200;Maastricht                              ;Buurt     ;BU09350200;1;5490;2495;2995;370;1895;1150;945;1125;3580;1300;335;280;1870;810;95;35;20;90;570;20.0;3.0;45.0;8.0;3755;2640;700;410;1.5;5970;2469;218.0;39.0;61.0;93.0;7.0;38.0;60.0;30.0;30.0;2.0;98.0;2.0;2290.0;1900.0;2820.0;2710.0;2890.0;4000.0;2020.0;2730.0;1330.0;1170.0;1510.0;1610.0;1540.0;2270.0;1160.0;1590.0;;900.0;2310.0;1590.0;44.0;86.0;14.0;3800.0;28.7;25.0;51.5;13.5;24.3;64.8;9.8;8.1;8.1;12.6;15.7;11.8;120.0;170.0;40.0;1050.0;;;425.0;77.0;460;0.0;35.0;85.0;25.0;15.0;110.0;115.0;75.0;1520;1355;165;0.4;1658.0;80;0.4;0.4;0.5;0.4;12.5;92;92;0;      6217;4.0;1;3339;2021;17_2021
18;9756;BU09350201;Maastricht                              ;Buurt     ;BU09350201;1;4710;2210;2505;520;1000;1150;1115;920;2800;1150;535;230;1210;695;100;30;15;60;490;45.0;10.0;40.0;8.0;2915;1755;620;545;1.6;8726;2587;184.0;64.0;36.0;91.0;9.0;17.0;82.0;63.0;19.0;1.0;89.0;11.0;2320.0;2080.0;2410.0;2410.0;2640.0;3360.0;2210.0;2790.0;1210.0;1100.0;1290.0;1290.0;1170.0;1470.0;1150.0;1490.0;;1260.0;1420.0;1190.0;47.0;85.0;15.0;3600.0;25.5;21.4;57.6;8.9;;70.5;5.4;15.0;14.8;23.7;30.1;3.1;310.0;370.0;40.0;840.0;;;480.0;102.0;395;0.0;25.0;75.0;30.0;15.0;105.0;85.0;60.0;1450;1315;135;0.5;2665.0;75;0.5;0.4;0.5;0.7;13.0;54;54;0;      6214;1.0;1;3395;2021;18_2021
19;9757;BU09350202;Maastricht                              ;Buurt     ;BU09350202;1;2505;1170;1335;260;390;590;565;700;1155;980;195;165;480;130;0;15;5;25;85;25.0;10.0;25.0;10.0;1390;635;465;285;1.8;5108;1290;210.0;56.0;44.0;97.0;3.0;77.0;22.0;0.0;22.0;1.0;100.0;0.0;2770.0;2610.0;2830.0;2930.0;3500.0;;2520.0;2850.0;1300.0;980.0;1470.0;1670.0;1800.0;;1100.0;1360.0;;420.0;880.0;580.0;66.0;91.0;9.0;2100.0;;;38.1;14.6;;42.1;10.2;2.5;2.6;3.6;4.4;109.6;10.0;90.0;20.0;640.0;;;195.0;78.0;160;0.0;15.0;20.0;10.0;5.0;40.0;45.0;30.0;1080;1010;70;0.8;2209.0;65;0.7;0.4;0.4;0.5;10.3;49;49;0;      6216;1.0;1;2779;2021;19_2021
20;9758;BU09350203;Maastricht                              ;Buurt     ;BU09350203;1;2415;1180;1230;360;255;660;665;480;1285;715;285;135;390;520;135;10;5;80;290;10.0;6.0;30.0;12.0;1290;635;285;375;1.9;4824;1298;143.0;44.0;56.0;97.0;3.0;14.0;86.0;85.0;1.0;0.0;99.0;1.0;2190.0;1740.0;2620.0;2790.0;3070.0;3720.0;2040.0;3140.0;1120.0;930.0;1190.0;1360.0;1740.0;3230.0;1040.0;1600.0;;770.0;770.0;240.0;51.0;89.0;11.0;2000.0;;;61.7;5.1;;71.3;4.4;20.2;18.8;30.2;35.3;2.8;240.0;270.0;40.0;430.0;;;320.0;133.0;125;0.0;15.0;25.0;10.0;5.0;25.0;30.0;15.0;905;825;80;0.7;1809.0;45;0.4;0.9;0.3;0.3;10.0;50;50;0;      6216;1.0;2;2269;2021;20_2021
21;9759;BU09350204;Maastricht                              ;Buurt     ;BU09350204;1;2170;1090;1080;305;320;525;570;455;1130;645;265;135;355;535;135;15;5;90;295;15.0;7.0;15.0;9.0;1155;560;265;330;1.9;5564;1161;151.0;43.0;57.0;96.0;4.0;15.0;84.0;82.0;2.0;1.0;98.0;2.0;2170.0;1770.0;2650.0;2640.0;3070.0;;2060.0;2780.0;1090.0;920.0;1210.0;1420.0;1660.0;;1050.0;1320.0;;640.0;700.0;210.0;50.0;89.0;11.0;1800.0;;;62.0;4.4;;71.6;3.5;18.8;19.9;30.4;36.5;2.9;180.0;200.0;20.0;410.0;;;290.0;134.0;110;0.0;15.0;15.0;15.0;0.0;25.0;15.0;25.0;770;695;75;0.7;1960.0;40;0.6;0.7;0.7;0.8;9.2;39;39;0;      6217;1.0;2;2496;2021;21_2021
22;9760;BU09350205;Maastricht                              ;Buurt     ;BU09350205;1;3075;1485;1590;460;425;760;795;635;1630;880;390;175;580;710;155;30;10;110;395;35.0;11.0;40.0;12.0;1635;800;385;450;1.9;5041;1598;172.0;63.0;37.0;94.0;6.0;15.0;84.0;74.0;10.0;1.0;86.0;14.0;2330.0;1690.0;2640.0;2820.0;3590.0;3490.0;2200.0;3020.0;1130.0;840.0;1190.0;1420.0;2020.0;2780.0;1090.0;1340.0;;1000.0;950.0;410.0;50.0;90.0;10.0;2400.0;;19.1;61.4;6.3;;68.6;4.3;18.4;19.4;29.6;36.4;2.8;250.0;320.0;30.0;560.0;;;415.0;135.0;160;0.0;20.0;40.0;15.0;0.0;25.0;30.0;30.0;1020;915;105;0.6;1682.0;35;0.4;0.4;0.4;0.4;9.9;61;61;0;      6217;1.0;2;2079;2021;22_2021
23;9761;BU09350206;Maastricht                              ;Buurt     ;BU09350206;1;1855;850;1010;175;175;325;495;680;670;755;180;250;255;105;5;15;5;25;60;20.0;10.0;50.0;27.0;1000;500;295;215;1.8;1118;1051;240.0;56.0;44.0;93.0;7.0;57.0;43.0;38.0;5.0;0.0;73.0;27.0;2710.0;1990.0;3070.0;3200.0;3970.0;4740.0;2020.0;3190.0;1370.0;890.0;1550.0;1860.0;2220.0;2560.0;970.0;1650.0;;370.0;500.0;390.0;66.0;81.0;19.0;1600.0;;;42.1;15.9;;48.1;14.0;4.7;6.1;11.1;16.5;109.9;20.0;90.0;30.0;660.0;;;370.0;199.0;165;5.0;20.0;30.0;10.0;10.0;35.0;25.0;25.0;820;715;105;0.8;495.0;50;0.8;0.7;0.8;0.7;7.1;166;166;0;      6218;1.0;2;1837;2021;23_2021
24;9762;BU09350207;Maastricht                              ;Buurt     ;BU09350207;1;5295;2515;2780;640;460;1145;1480;1570;2105;2160;595;435;865;750;165;35;20;185;345;45.0;9.0;90.0;18.0;2675;1075;850;745;2.0;4073;2651;183.0;68.0;32.0;98.0;2.0;33.0;67.0;63.0;4.0;0.0;78.0;22.0;2500.0;1780.0;2770.0;2960.0;3110.0;4190.0;2220.0;3090.0;1020.0;680.0;1120.0;1280.0;1500.0;2420.0;970.0;1130.0;;1670.0;1600.0;510.0;55.0;91.0;9.0;4400.0;25.8;21.9;54.1;7.2;25.4;59.8;6.6;10.7;12.2;20.8;27.3;10.7;250.0;510.0;50.0;1470.0;;;860.0;162.0;240;0.0;50.0;45.0;25.0;5.0;40.0;45.0;30.0;2205;2015;190;0.8;1691.0;115;0.5;0.5;0.5;0.6;6.6;130;130;0;      6218;1.0;2;1729;2021;24_2021
25;9763;BU09350208;Maastricht                              ;Buurt     ;BU09350208;1;1960;1000;955;270;320;365;770;245;865;930;110;50;260;140;10;5;5;35;85;15.0;8.0;5.0;2.0;735;115;245;375;2.7;1461;713;338.0;91.0;9.0;99.0;1.0;90.0;10.0;0.0;10.0;0.0;62.0;38.0;3480.0;2480.0;3380.0;3620.0;3780.0;4780.0;2570.0;3590.0;1330.0;920.0;1270.0;1410.0;1450.0;1940.0;1120.0;1350.0;;410.0;680.0;510.0;77.0;87.0;13.0;1600.0;;;34.5;26.7;;13.0;37.1;1.0;1.0;1.0;1.4;220.2;10.0;80.0;30.0;220.0;;;65.0;33.0;165;0.0;25.0;20.0;15.0;15.0;40.0;30.0;20.0;955;830;125;1.3;711.0;65;1.4;1.2;0.5;0.5;6.5;134;134;0;      6215;3.0;2;1606;2021;25_2021
26;9764;BU09350209;Maastricht                              ;Buurt     ;BU09350209;1;6475;3170;3305;705;665;1355;1900;1855;2690;2585;815;385;1015;460;80;20;25;45;295;45.0;7.0;75.0;12.0;3410;1480;1050;880;1.9;5889;3401;187.0;53.0;47.0;98.0;2.0;49.0;51.0;41.0;10.0;0.0;100.0;0.0;2580.0;2280.0;2810.0;2800.0;3450.0;4070.0;2220.0;2940.0;1220.0;1000.0;1360.0;1500.0;1740.0;2220.0;1080.0;1370.0;;1660.0;2280.0;990.0;59.0;90.0;10.0;5500.0;28.6;24.8;46.2;10.6;27.7;51.4;9.4;8.5;9.7;14.8;19.0;37.0;200.0;490.0;60.0;1720.0;;;765.0;118.0;320;0.0;45.0;40.0;15.0;15.0;65.0;75.0;65.0;2860;2655;210;0.8;2606.0;170;0.5;0.5;0.8;0.8;7.1;110;110;0;      6215;2.0;2;2022;2021;26_2021
27;9765;WK093503  ;Maastricht                              ;Wijk      ;WK093503  ;1;2130;1025;1100;205;295;500;615;505;1075;735;195;125;470;165;20;15;5;10;110;20.0;8.0;20.0;9.0;1195;600;340;255;1.8;549;1012;228.0;58.0;42.0;95.0;5.0;40.0;59.0;43.0;16.0;0.0;87.0;13.0;2890.0;2470.0;2980.0;3430.0;3560.0;4390.0;2570.0;3360.0;1250.0;890.0;1310.0;1590.0;2000.0;2900.0;1030.0;1570.0;;410.0;580.0;710.0;58.0;82.0;18.0;1700.0;;;48.7;13.9;;55.5;8.8;8.5;9.8;14.6;19.1;21.5;70.0;130.0;20.0;470.0;;;205.0;96.0;325;5.0;55.0;65.0;15.0;15.0;70.0;50.0;50.0;925;795;130;0.8;239.0;65;1.5;0.5;1.6;1.6;8.1;439;388;51;         .;;2;1538;2021;27_2021
28;9766;BU09350300;Maastricht                              ;Buurt     ;BU09350300;1;1585;780;795;165;150;385;510;375;750;560;160;110;310;120;15;10;5;10;85;20.0;10.0;15.0;9.0;870;410;260;200;1.8;1614;759;201.0;57.0;43.0;97.0;3.0;40.0;60.0;46.0;13.0;0.0;83.0;17.0;2840.0;2450.0;2950.0;3480.0;3220.0;4600.0;2570.0;3250.0;1100.0;820.0;1190.0;1430.0;1780.0;3270.0;960.0;1310.0;;340.0;390.0;510.0;59.0;83.0;17.0;1300.0;;;47.1;13.8;;53.6;8.2;9.6;10.5;16.2;20.7;25.9;70.0;120.0;10.0;350.0;;;175.0;110.0;155;0.0;15.0;25.0;15.0;5.0;30.0;30.0;35.0;695;615;75;0.8;706.0;45;1.8;0.5;1.9;1.9;7.2;147;98;49;      6219;1.0;4;999;2021;28_2021
29;9767;BU09350301;Maastricht                              ;Buurt     ;BU09350301;1;40;20;15;0;5;15;5;15;20;10;5;5;15;0;0;0;0;0;0;0.0;0.0;0.0;0.0;25;10;5;5;1.7;87;26;252.0;69.0;31.0;73.0;27.0;58.0;38.0;0.0;38.0;4.0;100.0;0.0;3530.0;;;;;4750.0;2810.0;4370.0;1950.0;;;;;2720.0;1680.0;2250.0;;;;;;;;0.0;;;;;;;;;;;;;;;;;;;;;50;0.0;15.0;25.0;0.0;0.0;5.0;0.0;5.0;20;15;5;;;5;1.2;0.8;1.1;1.1;8.8;47;47;0;      6219;1.0;2;1529;2021;29_2021
30;9768;BU09350302;Maastricht                              ;Buurt     ;BU09350302;1;410;170;235;30;115;80;80;100;240;130;25;10;120;35;5;0;0;0;20;0.0;0.0;5.0;12.0;250;150;60;35;1.6;812;183;312.0;54.0;46.0;97.0;3.0;30.0;70.0;46.0;24.0;0.0;100.0;0.0;2890.0;2520.0;3010.0;3100.0;;;2550.0;3690.0;1520.0;1140.0;1660.0;2010.0;;;1200.0;2250.0;;50.0;140.0;160.0;50.0;82.0;18.0;300.0;;;54.5;13.5;;64.6;9.0;5.7;8.8;10.7;17.0;6.6;10.0;10.0;0.0;90.0;;;25.0;61.0;50;0.0;5.0;0.0;0.0;5.0;20.0;15.0;5.0;135;110;25;0.5;274.0;10;0.4;0.5;0.5;0.4;12.6;51;50;2;      6217;3.0;1;3695;2021;30_2021
31;9769;BU09350303;Maastricht                              ;Buurt     ;BU09350303;1;25;15;10;5;10;10;5;5;15;10;5;0;5;0;0;0;0;0;0;0.0;0.0;0.0;0.0;15;10;0;5;1.9;24;14;;;;;;;;;;;;;3660.0;;;;;3490.0;;3630.0;2480.0;;;;;2730.0;;2490.0;;;;;;;;0.0;;;;;;;;;;;;;;;;;;;;;55;0.0;20.0;10.0;5.0;5.0;10.0;0.0;5.0;45;25;15;;;0;2.3;1.9;2.2;2.2;3.4;113;113;0;      6219;1.0;4;694;2021;31_2021
32;9770;BU09350304;Maastricht                              ;Buurt     ;BU09350304;1;75;35;35;5;20;10;20;15;40;20;5;0;15;0;0;0;0;0;0;0.0;0.0;0.0;0.0;35;20;10;10;2.0;90;30;340.0;100.0;0.0;93.0;7.0;93.0;3.0;0.0;3.0;3.0;100.0;0.0;3470.0;;3110.0;3660.0;;4330.0;;3580.0;2320.0;;2020.0;2640.0;;2380.0;;2290.0;;0.0;30.0;20.0;;;;100.0;;;;;;;;;;;;;0.0;0.0;0.0;20.0;;;;;10;;;;;;;;;30;25;5;;;5;1.7;1.6;1.6;1.6;4.3;81;81;0;      6218;1.0;5;376;2021;32_2021
33;9771;WK093504  ;Maastricht                              ;Wijk      ;WK093504  ;1;30095;14525;15570;3565;5910;6995;7695;5925;16250;9635;2655;1555;5745;3850;490;160;80;440;2680;215.0;7.0;335.0;11.0;16460;8765;4045;3650;1.8;2299;14855;230.0;57.0;43.0;94.0;6.0;39.0;60.0;38.0;22.0;1.0;88.0;12.0;2570.0;1990.0;2820.0;3030.0;3410.0;4550.0;2180.0;3160.0;1240.0;920.0;1320.0;1550.0;1850.0;2530.0;1070.0;1500.0;;6720.0;9360.0;7970.0;58.0;87.0;13.0;23400.0;31.6;26.4;48.4;16.4;27.2;56.6;12.9;10.3;10.2;15.2;19.2;15.7;1090.0;1870.0;230.0;5470.0;;;2715.0;90.0;2560;10.0;210.0;460.0;160.0;150.0;665.0;560.0;350.0;11100;9850;1250;0.7;848.0;680;0.5;0.6;0.5;0.6;10.8;1321;1309;12;         .;;2;2355;2021;33_2021
34;9772;BU09350400;Maastricht                              ;Buurt     ;BU09350400;1;3735;1860;1875;300;795;1010;765;860;2210;915;385;220;825;560;90;30;10;65;365;30.0;8.0;50.0;13.0;2355;1500;525;325;1.5;4240;2246;194.0;32.0;68.0;89.0;11.0;22.0;77.0;36.0;41.0;1.0;99.0;1.0;2210.0;1900.0;2780.0;2880.0;3490.0;;2050.0;2730.0;1110.0;930.0;1420.0;1660.0;1850.0;;1040.0;1350.0;;680.0;1150.0;1280.0;56.0;88.0;12.0;3000.0;28.9;25.2;49.7;14.1;;64.6;6.8;12.0;11.6;17.5;21.8;7.1;150.0;200.0;40.0;800.0;;;400.0;107.0;305;0.0;25.0;50.0;20.0;15.0;80.0;75.0;40.0;1295;1155;140;0.5;1468.0;60;0.5;0.7;0.5;0.5;14.3;88;88;0;      6224;1.0;1;3547;2021;34_2021
35;9773;BU09350401;Maastricht                              ;Buurt     ;BU09350401;1;2780;1315;1465;280;665;695;645;495;1585;795;265;135;670;480;50;20;15;105;285;25.0;9.0;25.0;8.0;1620;940;360;325;1.7;8430;1431;197.0;52.0;48.0;95.0;5.0;29.0;70.0;53.0;17.0;0.0;77.0;23.0;2340.0;1800.0;2810.0;2930.0;2720.0;;2110.0;2880.0;900.0;770.0;980.0;1030.0;1410.0;;930.0;830.0;18.1;760.0;820.0;710.0;55.0;90.0;10.0;2200.0;;24.0;51.9;13.4;;62.1;10.1;10.1;10.6;17.0;21.0;8.9;100.0;200.0;20.0;440.0;;;280.0;101.0;220;0.0;20.0;35.0;25.0;15.0;65.0;35.0;20.0;910;795;120;0.6;2765.0;45;0.5;0.3;0.3;0.3;15.9;33;33;0;      6221;1.0;1;3351;2021;35_2021
36;9774;BU09350402;Maastricht                              ;Buurt     ;BU09350402;1;5455;2590;2870;720;1090;1430;1450;770;3205;1500;540;210;1150;975;190;45;15;150;580;40.0;8.0;35.0;7.0;3025;1645;670;710;1.8;4827;2668;193.0;58.0;42.0;94.0;6.0;27.0;72.0;49.0;23.0;1.0;79.0;21.0;2380.0;1920.0;2650.0;2790.0;3430.0;;2200.0;2860.0;1170.0;990.0;1250.0;1400.0;1920.0;;1140.0;1240.0;;1800.0;1620.0;1070.0;55.0;88.0;12.0;4200.0;26.7;22.0;56.7;11.6;23.6;64.3;7.7;15.7;15.9;22.6;27.9;3.6;360.0;440.0;40.0;720.0;;;525.0;96.0;425;0.0;30.0;100.0;30.0;10.0;95.0;85.0;80.0;1660;1480;180;0.5;1462.0;90;0.4;0.4;0.4;0.5;12.0;115;113;2;      6224;4.0;1;2901;2021;36_2021
37;9775;BU09350403;Maastricht                              ;Buurt     ;BU09350403;1;3140;1590;1555;400;560;830;760;580;1820;805;355;160;495;520;65;20;15;40;385;20.0;6.0;30.0;9.0;1885;1100;395;390;1.7;2453;1701;153.0;49.0;51.0;97.0;3.0;16.0;84.0;64.0;20.0;0.0;96.0;4.0;2410.0;2120.0;2630.0;2690.0;3260.0;4300.0;2300.0;2950.0;1010.0;830.0;1110.0;1310.0;1390.0;2710.0;960.0;1300.0;;920.0;1110.0;460.0;51.0;90.0;10.0;2600.0;22.7;19.3;60.3;4.7;;75.0;2.7;17.3;16.0;24.6;31.9;2.1;230.0;310.0;40.0;530.0;;;365.0;116.0;205;0.0;25.0;50.0;15.0;10.0;50.0;25.0;30.0;1025;950;75;0.5;801.0;85;0.4;0.5;0.7;0.7;8.5;128;128;0;      6222;1.0;3;1479;2021;37_2021
38;9776;BU09350404;Maastricht                              ;Buurt     ;BU09350404;1;1910;950;960;195;580;385;450;295;1130;530;170;80;315;230;40;5;0;10;175;15.0;8.0;15.0;7.0;1060;615;240;205;1.7;1564;795;182.0;79.0;21.0;96.0;4.0;32.0;67.0;54.0;13.0;0.0;93.0;7.0;2610.0;2050.0;2660.0;2810.0;3010.0;4010.0;2330.0;3180.0;1310.0;920.0;1260.0;1580.0;1900.0;2750.0;1230.0;1480.0;;470.0;960.0;180.0;55.0;89.0;11.0;1500.0;;;60.1;7.1;;69.4;4.4;12.9;12.1;19.6;23.4;5.0;80.0;160.0;20.0;270.0;;;160.0;84.0;115;0.0;20.0;30.0;10.0;0.0;20.0;20.0;15.0;620;580;45;0.6;509.0;60;1.0;1.1;0.6;0.6;6.5;132;122;9;      6222;1.0;4;983;2021;38_2021
39;9777;BU09350405;Maastricht                              ;Buurt     ;BU09350405;1;6525;3075;3440;790;1265;1490;1640;1335;3550;2175;480;315;1340;580;40;30;15;35;460;45.0;7.0;65.0;10.0;3530;1880;920;735;1.8;1773;3252;283.0;54.0;46.0;92.0;8.0;54.0;46.0;20.0;26.0;1.0;90.0;10.0;2780.0;2050.0;3000.0;3550.0;3650.0;4490.0;2160.0;3300.0;1490.0;980.0;1660.0;1940.0;2070.0;2780.0;1130.0;1790.0;;800.0;1720.0;2670.0;61.0;84.0;16.0;4900.0;39.5;32.4;40.5;25.4;32.1;47.4;20.9;5.8;5.6;8.7;10.6;83.9;100.0;270.0;40.0;1240.0;;;395.0;61.0;710;5.0;35.0;110.0;40.0;50.0;200.0;185.0;80.0;2650;2265;385;0.8;720.0;145;0.5;0.6;0.4;0.5;11.7;368;368;0;      6226;3.0;1;2543;2021;39_2021
40;9778;BU09350406;Maastricht                              ;Buurt     ;BU09350406;1;6560;3150;3405;870;960;1150;1985;1590;2745;2915;455;440;945;505;20;10;15;30;425;40.0;6.0;115.0;18.0;2990;1090;930;965;2.1;1438;2762;309.0;80.0;20.0;96.0;4.0;68.0;32.0;24.0;7.0;0.0;87.0;13.0;3000.0;2170.0;2990.0;3110.0;3370.0;4770.0;2230.0;3350.0;1400.0;900.0;1360.0;1550.0;1780.0;2250.0;1090.0;1540.0;;1250.0;1950.0;1670.0;65.0;87.0;13.0;5000.0;38.3;31.6;37.5;23.3;35.0;33.5;25.0;4.0;4.5;6.3;9.1;184.1;60.0;290.0;50.0;1480.0;;;595.0;91.0;580;0.0;55.0;80.0;30.0;45.0;155.0;130.0;85.0;2935;2630;305;1.0;643.0;200;0.5;0.6;0.6;0.8;7.0;457;456;1;      6225;1.0;3;1015;2021;40_2021
41;9779;WK093505  ;Maastricht                              ;Wijk      ;WK093505  ;1;2645;1350;1295;270;250;550;810;765;1015;1225;215;190;340;70;10;5;0;5;50;20.0;9.0;25.0;10.0;1355;505;520;335;1.9;292;1312;243.0;88.0;12.0;96.0;4.0;71.0;29.0;15.0;13.0;0.0;96.0;4.0;3040.0;2140.0;3070.0;3030.0;2920.0;3810.0;2480.0;3270.0;1630.0;980.0;1500.0;1630.0;1670.0;2240.0;1250.0;1780.0;;500.0;1060.0;500.0;63.0;83.0;17.0;2300.0;;27.8;44.2;14.7;;42.0;13.6;5.0;4.5;7.8;11.1;125.8;40.0;170.0;20.0;720.0;;;235.0;89.0;500;10.0;110.0;120.0;40.0;35.0;100.0;45.0;35.0;1610;1390;220;1.2;178.0;165;1.4;3.7;1.3;1.3;1.2;1052;907;145;         .;;5;276;2021;41_2021
42;9780;BU09350500;Maastricht                              ;Buurt     ;BU09350500;1;15;10;0;0;5;5;0;0;10;5;0;0;0;0;0;0;0;0;0;0.0;77.0;0.0;0.0;10;10;5;5;1.4;6;17;;;;;;;;;;;;;2850.0;;;;;;2520.0;3380.0;1790.0;;;;;;1650.0;2010.0;;;;;;;;0.0;;;;;;;;;;;;;;;;;;;;;260;0.0;75.0;95.0;25.0;25.0;35.0;5.0;0.0;150;95;55;;;5;2.3;2.2;1.8;1.8;2.8;222;203;19;      6222;1.0;5;244;2021;42_2021
43;9781;BU09350501;Maastricht                              ;Buurt     ;BU09350501;1;1705;850;850;175;160;375;485;510;670;775;145;120;245;45;5;5;0;0;35;10.0;7.0;20.0;11.0;885;330;340;210;1.9;579;848;218.0;85.0;15.0;98.0;2.0;65.0;34.0;19.0;15.0;1.0;95.0;5.0;2940.0;2110.0;3050.0;2920.0;2980.0;3760.0;2440.0;3190.0;1560.0;900.0;1470.0;1590.0;1730.0;2340.0;1180.0;1750.0;;310.0;710.0;300.0;61.0;86.0;14.0;1500.0;;;45.8;13.1;;45.0;10.6;5.0;4.6;8.3;11.6;91.9;20.0;110.0;20.0;480.0;;;160.0;94.0;125;5.0;20.0;10.0;10.0;10.0;30.0;20.0;20.0;910;815;95;1.0;309.0;70;0.4;3.9;0.5;0.5;1.0;363;294;69;      6223;1.0;5;350;2021;43_2021
44;9782;BU09350502;Maastricht                              ;Buurt     ;BU09350502;1;905;470;430;95;90;165;315;245;330;440;65;70;90;25;5;0;0;5;10;10.0;11.0;10.0;9.0;450;155;170;125;2.0;347;434;268.0;96.0;4.0;97.0;3.0;82.0;18.0;9.0;8.0;0.0;97.0;3.0;3210.0;2120.0;3150.0;3360.0;2830.0;3710.0;2520.0;3350.0;1710.0;1230.0;1560.0;1660.0;1590.0;2080.0;1450.0;1770.0;;180.0;330.0;190.0;67.0;79.0;21.0;800.0;;;41.2;17.2;;35.6;18.9;4.6;3.9;6.7;10.2;175.0;10.0;60.0;10.0;230.0;;;75.0;83.0;90;5.0;15.0;10.0;10.0;5.0;20.0;15.0;10.0;525;465;60;1.2;201.0;90;3.1;3.3;2.8;2.8;1.5;317;261;56;      6223;1.0;5;145;2021;44_2021
45;9783;BU09350503;Maastricht                              ;Buurt     ;BU09350503;1;25;10;10;0;0;10;10;10;10;15;5;0;5;5;5;0;0;0;0;0.0;0.0;0.0;42.0;20;10;10;0;1.5;16;13;;;;;;;;;;;;;4660.0;;;;;6370.0;;4320.0;3100.0;;;;;4180.0;;3190.0;;;;;;;;0.0;;;;;;;;;;;;;;;;;;;;;25;0.0;0.0;0.0;0.0;0.0;10.0;5.0;0.0;25;20;5;;;0;1.8;1.6;1.2;1.2;3.7;150;149;2;      6222;1.0;5;226;2021;45_2021
46;9784;WK093506  ;Maastricht                              ;Wijk      ;WK093506  ;1;20740;10085;10655;2355;2840;5195;5950;4405;10135;7695;1905;1010;3785;1975;165;180;75;155;1400;155.0;8.0;235.0;11.0;10825;5030;3125;2665;1.9;2139;10469;223.0;60.0;40.0;95.0;5.0;48.0;51.0;34.0;17.0;0.0;94.0;6.0;2570.0;1890.0;2840.0;2990.0;3160.0;4420.0;2120.0;3030.0;1200.0;810.0;1260.0;1500.0;1800.0;2470.0;970.0;1420.0;;4340.0;6190.0;6200.0;62.0;87.0;13.0;16700.0;32.7;27.7;43.2;16.5;29.2;49.2;13.5;8.1;8.2;12.7;16.2;44.7;530.0;1470.0;200.0;4090.0;;;1995.0;96.0;1930;10.0;205.0;385.0;135.0;110.0;440.0;415.0;235.0;8975;7930;1045;0.8;926.0;505;0.7;0.7;0.5;0.6;9.7;1090;970;120;         .;;2;1727;2021;46_2021
47;9785;BU09350600;Maastricht                              ;Buurt     ;BU09350600;1;2000;965;1040;180;325;555;555;385;1070;670;180;85;435;225;10;10;15;15;180;10.0;4.0;15.0;7.0;1210;700;285;220;1.7;742;1192;239.0;38.0;62.0;82.0;18.0;45.0;54.0;14.0;40.0;1.0;100.0;0.0;2180.0;1690.0;2640.0;3100.0;4270.0;4680.0;1680.0;2630.0;970.0;760.0;1150.0;1400.0;1670.0;2480.0;790.0;1130.0;;190.0;510.0;1140.0;58.0;88.0;12.0;1600.0;;;37.5;21.6;;49.5;13.1;6.6;7.5;9.6;10.8;67.7;40.0;100.0;20.0;360.0;;;120.0;60.0;510;5.0;55.0;100.0;40.0;40.0;130.0;110.0;30.0;1025;830;200;0.8;380.0;45;0.8;0.9;0.4;0.4;12.7;278;270;8;      6229;1.0;2;1925;2021;47_2021
48;9786;BU09350601;Maastricht                              ;Buurt     ;BU09350601;1;4420;2095;2330;430;650;1010;1345;985;2305;1480;410;230;760;375;35;35;10;25;270;30.0;7.0;75.0;18.0;2180;1015;615;555;1.9;2853;2226;222.0;58.0;42.0;96.0;4.0;43.0;57.0;42.0;15.0;0.0;92.0;8.0;2450.0;1710.0;2840.0;3060.0;3210.0;4400.0;2010.0;3030.0;1190.0;810.0;1280.0;1560.0;1880.0;2550.0;950.0;1500.0;;1110.0;1270.0;1160.0;63.0;88.0;12.0;3400.0;32.3;27.7;43.8;16.4;;50.9;14.1;8.6;8.8;14.0;17.5;39.3;120.0;490.0;40.0;910.0;;;625.0;141.0;305;0.0;25.0;50.0;20.0;20.0;75.0;75.0;40.0;1760;1590;175;0.8;1138.0;95;0.7;0.8;0.7;0.7;7.0;267;155;112;      6229;1.0;3;1285;2021;48_2021
49;9787;BU09350602;Maastricht                              ;Buurt     ;BU09350602;1;7280;3520;3765;835;1000;1800;1975;1670;3435;2815;655;375;1315;640;70;30;30;60;445;65.0;9.0;60.0;8.0;3910;1805;1180;925;1.9;3403;3644;219.0;66.0;34.0;96.0;4.0;47.0;53.0;35.0;17.0;0.0;95.0;5.0;2600.0;1970.0;2770.0;2940.0;3000.0;4250.0;2210.0;3040.0;1310.0;900.0;1310.0;1570.0;1790.0;2590.0;1090.0;1550.0;;1510.0;2310.0;1920.0;62.0;87.0;13.0;6000.0;30.3;25.8;45.9;14.3;27.7;51.7;11.5;8.4;8.0;12.7;17.0;32.3;200.0;430.0;70.0;1560.0;;;650.0;89.0;585;0.0;75.0;115.0;40.0;20.0;125.0;110.0;100.0;3025;2740;285;0.8;1417.0;195;0.6;0.7;0.3;0.6;11.2;214;214;0;      6227;1.0;2;2063;2021;49_2021
50;9788;BU09350603;Maastricht                              ;Buurt     ;BU09350603;1;5940;2990;2960;755;735;1685;1700;1070;2920;2230;580;210;1105;655;50;100;25;50;430;50.0;8.0;45.0;8.0;3095;1390;905;800;1.9;4216;2991;188.0;62.0;38.0;98.0;2.0;52.0;48.0;39.0;9.0;0.0;100.0;0.0;2570.0;1990.0;2840.0;2860.0;3020.0;3910.0;2210.0;2890.0;1100.0;750.0;1190.0;1370.0;1780.0;2280.0;920.0;1270.0;;1470.0;1980.0;1420.0;62.0;88.0;12.0;4900.0;30.7;25.6;43.1;13.6;28.3;47.8;10.9;8.5;9.1;13.7;17.0;42.5;170.0;430.0;60.0;990.0;;;425.0;72.0;415;0.0;45.0;105.0;30.0;15.0;65.0;95.0;55.0;2675;2380;295;0.9;1892.0;150;0.6;0.7;0.4;0.7;8.6;141;141;0;      6228;1.0;2;1539;2021;50_2021
51;9789;BU09350604;Maastricht                              ;Buurt     ;BU09350604;1;1090;525;570;150;125;150;375;295;405;495;80;110;170;80;0;5;5;0;75;5.0;4.0;35.0;33.0;430;125;140;165;2.4;575;416;465.0;70.0;30.0;97.0;3.0;72.0;28.0;0.0;28.0;0.0;31.0;69.0;3810.0;2340.0;3970.0;4420.0;4130.0;5430.0;2410.0;4350.0;1580.0;790.0;1640.0;1910.0;1710.0;2500.0;930.0;1830.0;;120.0;150.0;470.0;72.0;79.0;21.0;800.0;;;32.3;41.5;;26.9;48.3;3.1;3.6;7.3;10.7;349.2;0.0;20.0;10.0;280.0;;;180.0;165.0;115;5.0;5.0;15.0;5.0;15.0;45.0;25.0;5.0;490;395;95;1.1;258.0;20;0.8;0.7;0.8;1.1;10.6;190;190;0;      6228;3.0;2;1602;2021;51_2021
0;10084;GM0935    ;Maastricht                              ;Gemeente  ;GM0935    ;1;121151;57943;63208;12524;23594;28796;29274;26963;65239;38662;10634;6616;26965;14515;1721;722;363;1688;10021;;;;;69289;38364;17556;13369;1.7;2172;63277;258.0;51.0;49.0;93.0;7.0;39.0;60.0;34.0;26.0;1.0;90.0;10.0;;;;;;;;;;;;;;;;;;;;;;;;;;;;;;;;;;;;;;;;;;;;;13295;45.0;1115.0;2800.0;895.0;975.0;3210.0;2495.0;1760.0;46325;40310;6015;0.7;830.0;2680;;;;;;6012;5579;433;         .;;1;2549;2022;0_2022
1;10085;WK093500  ;Maastricht                              ;Wijk      ;WK093500  ;1;20235;9500;10740;830;6685;5760;3140;3820;13915;4030;1415;875;6910;2605;120;120;60;240;2075;;;;;14315;10535;2885;890;1.3;7395;12816;291.0;17.0;83.0;86.0;14.0;21.0;76.0;22.0;54.0;3.0;86.0;14.0;;;;;;;;;;;;;;;;;;;;;;;;;;;;;;;;;;;;;;;;;;;;;3820;0.0;150.0;1200.0;220.0;395.0;895.0;475.0;485.0;5445;4565;875;0.4;1989.0;260;;;;;;310;274;37;         .;;1;4152;2022;1_2022
2;10086;BU09350000;Maastricht                              ;Buurt     ;BU09350000;1;2155;990;1165;35;1060;615;225;215;1765;265;75;45;975;265;10;15;15;30;200;;;;;1715;1370;290;55;1.3;6913;1633;292.0;11.0;89.0;76.0;24.0;15.0;80.0;8.0;72.0;5.0;97.0;3.0;;;;;;;;;;;;;;;;;;;;;;;;;;;;;;;;;;;;;;;;;;;;;865;0.0;25.0;530.0;25.0;50.0;95.0;40.0;95.0;440;360;80;0.3;1414.0;15;;;;;;36;31;5;      6211;1.0;1;4714;2022;2_2022
3;10087;BU09350001;Maastricht                              ;Buurt     ;BU09350001;1;1615;760;850;60;520;375;285;380;1045;360;120;90;585;150;5;5;5;15;120;;;;;1125;800;255;75;1.4;3193;1084;379.0;29.0;71.0;81.0;19.0;27.0;69.0;21.0;48.0;4.0;94.0;6.0;;;;;;;;;;;;;;;;;;;;;;;;;;;;;;;;;;;;;;;;;;;;;400;0.0;25.0;115.0;5.0;50.0;85.0;60.0;60.0;500;405;95;0.4;989.0;30;;;;;;57;50;6;      6211;1.0;1;4350;2022;3_2022
4;10088;BU09350002;Maastricht                              ;Buurt     ;BU09350002;1;2575;1160;1415;90;870;575;380;660;1670;525;180;190;890;225;10;10;5;25;175;;;;;1725;1255;355;120;1.4;10083;1459;283.0;18.0;82.0;88.0;12.0;25.0;73.0;22.0;50.0;3.0;91.0;9.0;;;;;;;;;;;;;;;;;;;;;;;;;;;;;;;;;;;;;;;;;;;;;305;0.0;5.0;60.0;15.0;15.0;100.0;60.0;50.0;675;590;85;0.4;2640.0;35;;;;;;26;26;0;      6211;1.0;1;4218;2022;4_2022
5;10089;BU09350003;Maastricht                              ;Buurt     ;BU09350003;1;4660;2255;2405;205;1695;1445;670;650;3495;700;345;120;1625;530;35;20;10;40;425;;;;;3340;2585;535;220;1.3;10994;2641;265.0;23.0;77.0;89.0;11.0;15.0;81.0;30.0;51.0;4.0;75.0;25.0;;;;;;;;;;;;;;;;;;;;;;;;;;;;;;;;;;;;;;;;;;;;;580;0.0;30.0;110.0;50.0;55.0;145.0;100.0;95.0;1035;860;175;0.3;2438.0;45;;;;;;42;42;0;      6211;1.0;1;3942;2022;5_2022
6;10090;BU09350004;Maastricht                              ;Buurt     ;BU09350004;1;1870;885;985;50;590;635;315;285;1375;260;170;65;655;235;15;20;5;15;180;;;;;1450;1100;280;70;1.3;6060;1483;198.0;8.0;92.0;84.0;16.0;16.0;83.0;24.0;59.0;1.0;98.0;2.0;;;;;;;;;;;;;;;;;;;;;;;;;;;;;;;;;;;;;;;;;;;;;350;0.0;10.0;80.0;35.0;55.0;75.0;50.0;45.0;520;465;55;0.4;1690.0;35;;;;;;40;31;9;      6211;1.0;1;3663;2022;6_2022
7;10091;BU09350005;Maastricht                              ;Buurt     ;BU09350005;1;2025;970;1055;185;575;615;410;235;1330;445;190;60;475;650;30;10;10;70;535;;;;;1130;825;190;115;1.4;5509;965;228.0;39.0;61.0;94.0;6.0;13.0;86.0;56.0;29.0;1.0;100.0;0.0;;;;;;;;;;;;;;;;;;;;;;;;;;;;;;;;;;;;;;;;;;;;;175;0.0;10.0;20.0;20.0;5.0;55.0;35.0;35.0;425;370;55;0.4;1153.0;35;;;;;;45;37;8;      6221;1.0;1;3847;2022;7_2022
8;10092;BU09350006;Maastricht                              ;Buurt     ;BU09350006;1;5345;2475;2870;210;1375;1505;860;1395;3240;1465;330;310;1715;545;15;30;10;45;440;;;;;3830;2605;985;235;1.4;9452;3551;344.0;9.0;91.0;86.0;14.0;29.0;69.0;12.0;57.0;2.0;77.0;23.0;;;;;;;;;;;;;;;;;;;;;;;;;;;;;;;;;;;;;;;;;;;;;1150;0.0;45.0;290.0;70.0;155.0;350.0;130.0;110.0;1850;1520;330;0.5;3276.0;70;;;;;;66;57;9;      6221;1.0;1;4164;2022;8_2022
9;10093;WK093501  ;Maastricht                              ;Wijk      ;WK093501  ;1;9105;4280;4825;1200;1275;1615;2340;2675;4135;3675;660;630;1915;430;15;30;15;45;325;;;;;4560;1955;1495;1105;2.0;1051;4595;410.0;68.0;32.0;93.0;7.0;65.0;35.0;6.0;29.0;0.0;98.0;2.0;;;;;;;;;;;;;;;;;;;;;;;;;;;;;;;;;;;;;;;;;;;;;1330;5.0;70.0;130.0;70.0;145.0;415.0;305.0;190.0;4260;3455;805;0.9;492.0;230;;;;;;915;867;48;         .;;2;1906;2022;9_2022
10;10094;BU09350100;Maastricht                              ;Buurt     ;BU09350100;1;3150;1470;1685;430;435;525;875;885;1430;1320;215;185;705;145;0;15;10;15;115;;;;;1560;655;515;385;2.0;3960;1503;504.0;68.0;32.0;93.0;7.0;74.0;25.0;4.0;21.0;1.0;98.0;2.0;;;;;;;;;;;;;;;;;;;;;;;;;;;;;;;;;;;;;;;;;;;;;550;0.0;20.0;55.0;25.0;65.0;180.0;135.0;70.0;1530;1220;305;1.0;1919.0;60;;;;;;101;80;21;      6212;1.0;2;1968;2022;10_2022
11;10095;BU09350101;Maastricht                              ;Buurt     ;BU09350101;1;1230;590;640;195;145;225;380;285;585;480;100;70;215;55;0;5;5;0;35;;;;;575;200;195;180;2.1;3946;557;420.0;90.0;10.0;96.0;4.0;74.0;26.0;14.0;11.0;1.0;100.0;0.0;;;;;;;;;;;;;;;;;;;;;;;;;;;;;;;;;;;;;;;;;;;;;190;0.0;15.0;15.0;10.0;20.0;55.0;40.0;25.0;565;465;100;1.0;1810.0;55;;;;;;31;31;0;      6212;1.0;2;1999;2022;11_2022
12;10096;BU09350102;Maastricht                              ;Buurt     ;BU09350102;1;1910;910;1000;240;445;365;395;470;1035;655;105;115;540;135;5;5;0;15;110;;;;;1080;590;275;215;1.8;3426;1181;332.0;50.0;50.0;88.0;12.0;46.0;54.0;1.0;53.0;0.0;100.0;0.0;;;;;;;;;;;;;;;;;;;;;;;;;;;;;;;;;;;;;;;;;;;;;230;0.0;10.0;25.0;15.0;30.0;65.0;55.0;30.0;750;595;155;0.7;1345.0;45;;;;;;56;56;0;      6213;1.0;2;2402;2022;12_2022
13;10097;BU09350103;Maastricht                              ;Buurt     ;BU09350103;1;1210;560;650;100;85;200;270;555;415;510;105;185;190;30;0;0;5;10;20;;;;;605;275;220;105;1.8;3093;619;394.0;58.0;42.0;95.0;5.0;66.0;34.0;0.0;34.0;0.0;99.0;1.0;;;;;;;;;;;;;;;;;;;;;;;;;;;;;;;;;;;;;;;;;;;;;125;0.0;10.0;10.0;5.0;15.0;45.0;25.0;15.0;595;485;110;1.0;1514.0;25;;;;;;39;39;0;      6213;1.0;2;1841;2022;13_2022
14;10098;BU09350104;Maastricht                              ;Buurt     ;BU09350104;1;1450;675;775;220;135;285;370;440;615;635;125;70;235;55;5;0;5;5;40;;;;;670;205;255;205;2.2;2663;673;313.0;87.0;13.0;95.0;5.0;67.0;33.0;15.0;19.0;0.0;94.0;6.0;;;;;;;;;;;;;;;;;;;;;;;;;;;;;;;;;;;;;;;;;;;;;155;5.0;15.0;15.0;10.0;10.0;40.0;35.0;30.0;730;620;105;1.1;1336.0;30;;;;;;54;54;0;      6213;2.0;3;1086;2022;14_2022
15;10099;BU09350105;Maastricht                              ;Buurt     ;BU09350105;1;145;70;75;15;20;20;50;45;60;70;5;10;35;0;0;0;0;0;0;;;;;70;35;25;15;2.0;24;62;713.0;89.0;11.0;94.0;6.0;82.0;18.0;0.0;18.0;0.0;95.0;5.0;;;;;;;;;;;;;;;;;;;;;;;;;;;;;;;;;;;;;;;;;;;;;80;0.0;5.0;10.0;5.0;5.0;25.0;10.0;15.0;95;70;25;1.3;16.0;15;;;;;;633;606;27;      6212;3.0;4;530;2022;15_2022
16;10100;WK093502  ;Maastricht                              ;Wijk      ;WK093502  ;1;35940;17100;18840;4095;6045;8085;9050;8665;18200;11870;3660;2210;7460;5045;885;195;110;745;3105;;;;;20105;10440;5135;4530;1.8;4062;18074;216.0;56.0;44.0;96.0;4.0;37.0;62.0;49.0;13.0;1.0;90.0;10.0;;;;;;;;;;;;;;;;;;;;;;;;;;;;;;;;;;;;;;;;;;;;;2480;10.0;280.0;395.0;200.0;85.0;570.0;540.0;400.0;13560;12215;1345;0.7;1533.0;760;;;;;;885;885;0;         .;;2;2414;2022;16_2022
17;10101;BU09350200;Maastricht                              ;Buurt     ;BU09350200;1;5655;2530;3120;365;2055;1180;935;1115;3765;1270;335;290;2040;860;85;25;15;90;640;;;;;3955;2850;695;410;1.4;6176;2496;234.0;39.0;61.0;93.0;7.0;38.0;61.0;30.0;31.0;2.0;98.0;2.0;;;;;;;;;;;;;;;;;;;;;;;;;;;;;;;;;;;;;;;;;;;;;525;0.0;35.0;90.0;40.0;15.0;125.0;140.0;80.0;1545;1360;185;0.4;1689.0;85;;;;;;92;92;0;      6217;4.0;1;3329;2022;17_2022
18;10102;BU09350201;Maastricht                              ;Buurt     ;BU09350201;1;4730;2190;2545;525;1005;1180;1100;925;2840;1135;540;220;1220;710;100;25;15;55;515;;;;;2920;1755;620;545;1.6;8684;2511;210.0;63.0;37.0;94.0;6.0;18.0;81.0;61.0;20.0;1.0;88.0;12.0;;;;;;;;;;;;;;;;;;;;;;;;;;;;;;;;;;;;;;;;;;;;;430;0.0;30.0;70.0;30.0;15.0;115.0;90.0;70.0;1475;1335;140;0.5;2707.0;85;;;;;;54;54;0;      6214;1.0;1;3379;2022;18_2022
19;10103;BU09350202;Maastricht                              ;Buurt     ;BU09350202;1;2545;1180;1365;265;400;645;545;685;1225;970;185;165;510;145;5;15;5;20;100;;;;;1390;625;485;280;1.8;5212;1290;231.0;56.0;44.0;97.0;3.0;77.0;22.0;0.0;22.0;1.0;100.0;0.0;;;;;;;;;;;;;;;;;;;;;;;;;;;;;;;;;;;;;;;;;;;;;170;0.0;15.0;20.0;10.0;5.0;40.0;45.0;35.0;1075;1000;75;0.8;2205.0;70;;;;;;49;49;0;      6216;1.0;1;2770;2022;19_2022
20;10104;BU09350203;Maastricht                              ;Buurt     ;BU09350203;1;2390;1170;1220;355;270;660;635;470;1300;675;280;140;385;525;115;10;5;75;315;;;;;1280;630;280;370;1.9;4785;1298;175.0;44.0;56.0;96.0;4.0;14.0;86.0;85.0;1.0;0.0;99.0;1.0;;;;;;;;;;;;;;;;;;;;;;;;;;;;;;;;;;;;;;;;;;;;;135;0.0;20.0;20.0;10.0;5.0;40.0;30.0;15.0;900;820;80;0.7;1797.0;50;;;;;;50;50;0;      6216;1.0;2;2275;2022;20_2022
21;10105;BU09350204;Maastricht                              ;Buurt     ;BU09350204;1;2080;1035;1045;310;290;485;545;450;1070;630;255;125;335;535;135;10;5;95;295;;;;;1105;545;245;315;1.9;5296;1095;178.0;44.0;56.0;97.0;3.0;16.0;83.0;81.0;2.0;1.0;98.0;2.0;;;;;;;;;;;;;;;;;;;;;;;;;;;;;;;;;;;;;;;;;;;;;105;0.0;10.0;15.0;15.0;0.0;30.0;15.0;20.0;725;640;85;0.7;1842.0;35;;;;;;39;39;0;      6217;1.0;2;2491;2022;21_2022
22;10106;BU09350205;Maastricht                              ;Buurt     ;BU09350205;1;3130;1510;1620;495;450;780;785;620;1695;870;395;170;580;755;180;30;10;110;420;;;;;1650;795;375;475;1.9;5166;1567;195.0;62.0;38.0;97.0;3.0;15.0;82.0;71.0;11.0;3.0;85.0;15.0;;;;;;;;;;;;;;;;;;;;;;;;;;;;;;;;;;;;;;;;;;;;;180;0.0;25.0;45.0;20.0;5.0;30.0;30.0;30.0;1030;915;110;0.6;1696.0;40;;;;;;61;61;0;      6217;1.0;2;2063;2022;22_2022
23;10107;BU09350206;Maastricht                              ;Buurt     ;BU09350206;1;1870;860;1010;185;185;320;490;690;695;765;165;245;270;115;5;10;5;20;70;;;;;1000;500;295;210;1.8;1129;1051;266.0;56.0;44.0;93.0;7.0;56.0;44.0;38.0;5.0;0.0;73.0;27.0;;;;;;;;;;;;;;;;;;;;;;;;;;;;;;;;;;;;;;;;;;;;;165;5.0;20.0;30.0;10.0;10.0;35.0;30.0;25.0;805;705;100;0.8;486.0;55;;;;;;166;166;0;      6218;1.0;2;1823;2022;23_2022
24;10108;BU09350207;Maastricht                              ;Buurt     ;BU09350207;1;5235;2510;2730;645;445;1125;1440;1585;2095;2110;590;440;845;760;165;30;20;190;355;;;;;2660;1100;835;725;2.0;4018;2651;205.0;69.0;31.0;98.0;2.0;32.0;67.0;63.0;4.0;0.0;78.0;22.0;;;;;;;;;;;;;;;;;;;;;;;;;;;;;;;;;;;;;;;;;;;;;270;0.0;55.0;45.0;30.0;5.0;50.0;50.0;35.0;2220;2015;205;0.8;1701.0;115;;;;;;130;130;0;      6218;1.0;2;1718;2022;24_2022
25;10109;BU09350208;Maastricht                              ;Buurt     ;BU09350208;1;1935;995;945;265;305;355;755;260;860;910;125;40;265;130;10;5;5;35;80;;;;;730;105;265;360;2.6;1441;713;358.0;91.0;9.0;99.0;1.0;90.0;10.0;0.0;10.0;0.0;62.0;38.0;;;;;;;;;;;;;;;;;;;;;;;;;;;;;;;;;;;;;;;;;;;;;175;0.0;30.0;20.0;15.0;10.0;45.0;30.0;25.0;950;820;130;1.3;707.0;70;;;;;;134;134;0;      6215;3.0;2;1608;2022;25_2022
26;10110;BU09350209;Maastricht                              ;Buurt     ;BU09350209;1;6360;3120;3240;685;650;1335;1835;1865;2665;2535;785;380;1005;510;90;25;25;55;315;;;;;3415;1540;1040;830;1.9;5794;3402;204.0;53.0;47.0;97.0;3.0;49.0;51.0;41.0;10.0;0.0;100.0;0.0;;;;;;;;;;;;;;;;;;;;;;;;;;;;;;;;;;;;;;;;;;;;;325;0.0;45.0;45.0;25.0;15.0;60.0;80.0;55.0;2840;2605;235;0.8;2587.0;160;;;;;;110;110;0;      6215;2.0;2;2035;2022;26_2022
27;10111;WK093503  ;Maastricht                              ;Wijk      ;WK093503  ;1;2130;1030;1100;215;300;470;630;515;1055;745;200;130;470;180;20;15;5;20;125;;;;;1205;610;345;245;1.8;555;1024;245.0;59.0;41.0;96.0;4.0;41.0;59.0;43.0;17.0;0.0;86.0;14.0;;;;;;;;;;;;;;;;;;;;;;;;;;;;;;;;;;;;;;;;;;;;;350;5.0;55.0;70.0;20.0;20.0;80.0;55.0;45.0;950;800;150;0.8;248.0;55;;;;;;439;384;55;         .;;2;1609;2022;27_2022
28;10112;BU09350300;Maastricht                              ;Buurt     ;BU09350300;1;1565;775;785;165;155;360;505;385;745;560;155;105;310;140;15;5;5;15;95;;;;;870;415;265;190;1.8;1664;759;216.0;57.0;43.0;97.0;3.0;40.0;60.0;46.0;14.0;0.0;83.0;17.0;;;;;;;;;;;;;;;;;;;;;;;;;;;;;;;;;;;;;;;;;;;;;150;0.0;15.0;20.0;10.0;5.0;35.0;35.0;30.0;685;605;80;0.8;729.0;40;;;;;;147;94;53;      6219;1.0;3;1059;2022;28_2022
29;10113;BU09350301;Maastricht                              ;Buurt     ;BU09350301;1;40;20;20;0;5;10;10;15;20;15;5;5;15;5;0;0;0;5;5;;;;;25;15;5;0;1.6;88;26;280.0;69.0;31.0;73.0;27.0;54.0;46.0;0.0;46.0;0.0;100.0;0.0;;;;;;;;;;;;;;;;;;;;;;;;;;;;;;;;;;;;;;;;;;;;;55;0.0;15.0;30.0;0.0;0.0;5.0;0.0;5.0;25;15;10;;;0;;;;;;47;47;0;      6219;1.0;2;1537;2022;29_2022
30;10114;BU09350302;Maastricht                              ;Buurt     ;BU09350302;1;435;190;240;35;120;90;90;95;250;140;25;15;125;40;5;0;5;0;25;;;;;260;155;60;40;1.7;877;195;329.0;57.0;43.0;97.0;3.0;34.0;66.0;43.0;23.0;0.0;94.0;6.0;;;;;;;;;;;;;;;;;;;;;;;;;;;;;;;;;;;;;;;;;;;;;70;0.0;5.0;0.0;5.0;5.0;25.0;15.0;5.0;165;130;35;0.6;335.0;10;;;;;;51;50;2;      6217;3.0;1;3751;2022;30_2022
31;10115;BU09350303;Maastricht                              ;Buurt     ;BU09350303;1;25;10;15;5;5;10;5;5;15;10;5;0;5;0;0;0;0;0;0;;;;;10;5;5;0;1.9;22;14;;;;;;;;;;;;;;;;;;;;;;;;;;;;;;;;;;;;;;;;;;;;;;;;;;;;;;;;;60;0.0;20.0;15.0;5.0;5.0;10.0;0.0;5.0;40;25;20;;;0;;;;;;113;113;0;      6219;2.0;4;696;2022;31_2022
32;10116;BU09350304;Maastricht                              ;Buurt     ;BU09350304;1;70;35;35;5;15;5;25;15;35;25;5;5;15;0;0;0;0;0;0;;;;;35;20;10;10;2.0;83;30;369.0;100.0;0.0;93.0;7.0;90.0;10.0;0.0;10.0;0.0;100.0;0.0;;;;;;;;;;;;;;;;;;;;;;;;;;;;;;;;;;;;;;;;;;;;;10;;;;;;;;;30;25;10;;;5;;;;;;81;81;0;      6218;1.0;5;375;2022;32_2022
33;10117;WK093504  ;Maastricht                              ;Wijk      ;WK093504  ;1;30235;14555;15680;3560;6090;6995;7595;5990;16490;9550;2625;1565;5925;4015;500;180;90;470;2780;;;;;16690;8990;4070;3630;1.8;2312;14978;249.0;57.0;43.0;94.0;6.0;39.0;60.0;37.0;23.0;1.0;88.0;12.0;;;;;;;;;;;;;;;;;;;;;;;;;;;;;;;;;;;;;;;;;;;;;2755;10.0;230.0;465.0;200.0;170.0;680.0;635.0;360.0;11315;9900;1420;0.7;865.0;695;;;;;;1321;1308;14;         .;;2;2382;2022;33_2022
34;10118;BU09350400;Maastricht                              ;Buurt     ;BU09350400;1;3860;1900;1960;335;840;1045;770;870;2330;935;380;220;840;625;85;40;15;60;425;;;;;2430;1575;520;340;1.6;4378;2294;217.0;33.0;67.0;91.0;9.0;23.0;77.0;35.0;42.0;1.0;97.0;3.0;;;;;;;;;;;;;;;;;;;;;;;;;;;;;;;;;;;;;;;;;;;;;340;0.0;25.0;50.0;25.0;15.0;95.0;90.0;45.0;1340;1185;155;0.6;1520.0;60;;;;;;88;88;0;      6224;1.0;1;3596;2022;34_2022
35;10119;BU09350401;Maastricht                              ;Buurt     ;BU09350401;1;2805;1340;1470;300;655;725;645;480;1625;795;255;125;690;495;55;20;15;105;305;;;;;1630;935;365;325;1.7;8511;1425;215.0;52.0;48.0;96.0;4.0;29.0;71.0;53.0;17.0;0.0;77.0;23.0;;;;;;;;;;;;;;;;;;;;;;;;;;;;;;;;;;;;;;;;;;;;;240;0.0;25.0;40.0;25.0;15.0;65.0;45.0;20.0;930;790;140;0.6;2817.0;45;;;;;;33;33;0;      6221;1.0;1;3373;2022;35_2022
36;10120;BU09350402;Maastricht                              ;Buurt     ;BU09350402;1;5530;2620;2910;705;1130;1465;1420;810;3240;1545;535;205;1200;1015;185;40;15;165;610;;;;;3060;1655;700;710;1.8;4925;2722;213.0;58.0;42.0;95.0;5.0;28.0;71.0;48.0;24.0;1.0;78.0;22.0;;;;;;;;;;;;;;;;;;;;;;;;;;;;;;;;;;;;;;;;;;;;;475;0.0;45.0;105.0;40.0;20.0;90.0;95.0;80.0;1725;1515;210;0.6;1535.0;110;;;;;;115;112;3;      6224;4.0;1;2951;2022;36_2022
37;10121;BU09350403;Maastricht                              ;Buurt     ;BU09350403;1;3105;1550;1560;395;545;840;760;570;1820;780;350;155;535;540;70;30;15;45;385;;;;;1855;1080;385;380;1.7;2422;1701;180.0;49.0;51.0;97.0;3.0;16.0;84.0;64.0;20.0;0.0;96.0;4.0;;;;;;;;;;;;;;;;;;;;;;;;;;;;;;;;;;;;;;;;;;;;;220;0.0;30.0;45.0;20.0;15.0;50.0;25.0;30.0;1065;975;90;0.6;831.0;70;;;;;;128;128;0;      6222;1.0;3;1498;2022;37_2022
38;10122;BU09350404;Maastricht                              ;Buurt     ;BU09350404;1;1930;955;975;195;635;360;430;305;1160;520;165;80;305;235;45;10;5;15;165;;;;;1175;730;245;200;1.6;1577;806;211.0;76.0;24.0;97.0;3.0;32.0;68.0;51.0;17.0;0.0;89.0;11.0;;;;;;;;;;;;;;;;;;;;;;;;;;;;;;;;;;;;;;;;;;;;;130;0.0;20.0;35.0;15.0;0.0;25.0;20.0;15.0;625;575;50;0.5;511.0;65;;;;;;132;122;9;      6222;1.0;4;984;2022;38_2022
39;10123;BU09350405;Maastricht                              ;Buurt     ;BU09350405;1;6555;3105;3450;790;1335;1465;1620;1350;3620;2140;480;315;1430;590;40;30;20;40;455;;;;;3575;1925;915;730;1.8;1780;3265;297.0;54.0;46.0;93.0;7.0;54.0;46.0;18.0;28.0;0.0;90.0;10.0;;;;;;;;;;;;;;;;;;;;;;;;;;;;;;;;;;;;;;;;;;;;;730;5.0;35.0;115.0;40.0;55.0;195.0;205.0;85.0;2680;2265;415;0.7;728.0;140;;;;;;368;368;0;      6226;3.0;1;2557;2022;39_2022
40;10124;BU09350406;Maastricht                              ;Buurt     ;BU09350406;1;6450;3095;3360;850;950;1095;1950;1610;2700;2835;455;460;920;520;20;10;15;35;435;;;;;2970;1085;935;950;2.1;1416;2765;329.0;80.0;20.0;96.0;4.0;68.0;31.0;24.0;7.0;0.0;87.0;13.0;;;;;;;;;;;;;;;;;;;;;;;;;;;;;;;;;;;;;;;;;;;;;620;0.0;60.0;80.0;35.0;50.0;165.0;150.0;85.0;2955;2595;360;1.0;649.0;205;;;;;;457;455;2;      6225;1.0;3;1015;2022;40_2022
41;10125;WK093505  ;Maastricht                              ;Wijk      ;WK093505  ;1;2690;1365;1320;280;270;570;800;770;1075;1210;210;190;370;80;10;10;0;5;55;;;;;1380;525;505;345;1.9;300;1314;259.0;88.0;12.0;97.0;3.0;71.0;29.0;15.0;14.0;0.0;96.0;4.0;;;;;;;;;;;;;;;;;;;;;;;;;;;;;;;;;;;;;;;;;;;;;545;10.0;115.0;135.0;40.0;40.0;115.0;50.0;40.0;1600;1370;230;1.2;179.0;165;;;;;;1052;894;158;         .;;5;277;2022;41_2022
42;10126;BU09350500;Maastricht                              ;Buurt     ;BU09350500;1;15;15;5;0;5;10;0;0;10;5;0;0;5;5;0;0;0;0;5;;;;;10;10;5;5;1.6;9;17;;;;;;;;;;;;;;;;;;;;;;;;;;;;;;;;;;;;;;;;;;;;;;;;;;;;;;;;;285;0.0;80.0;100.0;25.0;30.0;45.0;5.0;5.0;145;100;50;;;5;;;;;;222;204;18;      6222;1.0;5;247;2022;42_2022
43;10127;BU09350501;Maastricht                              ;Buurt     ;BU09350501;1;1740;870;865;180;175;390;475;515;720;765;145;120;265;55;5;5;0;5;40;;;;;900;345;330;225;1.9;589;849;232.0;85.0;15.0;98.0;2.0;65.0;34.0;19.0;15.0;1.0;95.0;5.0;;;;;;;;;;;;;;;;;;;;;;;;;;;;;;;;;;;;;;;;;;;;;140;5.0;20.0;20.0;5.0;5.0;35.0;20.0;25.0;910;805;110;1.0;309.0;75;;;;;;363;295;67;      6223;1.0;5;350;2022;43_2022
44;10128;BU09350502;Maastricht                              ;Buurt     ;BU09350502;1;905;465;440;90;90;170;310;245;340;430;65;70;100;20;5;5;5;0;10;;;;;450;160;170;120;2.0;368;435;285.0;95.0;5.0;97.0;3.0;82.0;18.0;9.0;9.0;0.0;97.0;3.0;;;;;;;;;;;;;;;;;;;;;;;;;;;;;;;;;;;;;;;;;;;;;95;0.0;15.0;15.0;10.0;5.0;25.0;15.0;10.0;525;455;70;1.2;213.0;85;;;;;;317;246;71;      6223;1.0;5;146;2022;44_2022
45;10129;BU09350503;Maastricht                              ;Buurt     ;BU09350503;1;20;10;10;0;0;5;10;10;10;10;5;5;5;0;0;0;0;0;0;;;;;15;10;5;0;1.3;14;13;;;;;;;;;;;;;;;;;;;;;;;;;;;;;;;;;;;;;;;;;;;;;;;;;;;;;;;;;30;0.0;0.0;0.0;0.0;0.0;10.0;10.0;0.0;15;10;5;;;0;;;;;;150;149;2;      6222;1.0;5;240;2022;45_2022
46;10130;WK093506  ;Maastricht                              ;Wijk      ;WK093506  ;1;20815;10115;10700;2345;2930;5295;5715;4525;10355;7580;1870;1015;3910;2165;175;185;80;170;1555;;;;;11035;5295;3120;2620;1.8;2150;10476;239.0;60.0;40.0;95.0;5.0;48.0;51.0;34.0;17.0;0.0;94.0;6.0;;;;;;;;;;;;;;;;;;;;;;;;;;;;;;;;;;;;;;;;;;;;;2010;5.0;210.0;400.0;145.0;120.0;455.0;430.0;240.0;9040;7895;1145;0.8;933.0;515;;;;;;1090;968;122;         .;;2;1727;2022;46_2022
47;10131;BU09350600;Maastricht                              ;Buurt     ;BU09350600;1;2145;1040;1105;160;430;610;535;410;1235;645;175;90;525;300;15;25;10;25;230;;;;;1385;875;315;195;1.6;798;1192;249.0;38.0;62.0;82.0;18.0;45.0;55.0;14.0;40.0;1.0;100.0;0.0;;;;;;;;;;;;;;;;;;;;;;;;;;;;;;;;;;;;;;;;;;;;;530;0.0;55.0;105.0;45.0;50.0;135.0;105.0;30.0;1025;805;220;0.7;382.0;50;;;;;;278;269;9;      6229;1.0;2;1920;2022;47_2022
48;10132;BU09350601;Maastricht                              ;Buurt     ;BU09350601;1;4380;2075;2305;425;630;1015;1330;975;2275;1475;410;225;750;405;40;25;10;20;305;;;;;2190;1055;590;545;1.8;2836;2227;234.0;58.0;42.0;96.0;4.0;44.0;56.0;42.0;14.0;0.0;92.0;8.0;;;;;;;;;;;;;;;;;;;;;;;;;;;;;;;;;;;;;;;;;;;;;320;0.0;20.0;45.0;25.0;25.0;80.0;80.0;40.0;1765;1575;190;0.8;1142.0;100;;;;;;267;155;112;      6229;1.0;3;1285;2022;48_2022
49;10133;BU09350602;Maastricht                              ;Buurt     ;BU09350602;1;7310;3545;3765;855;1005;1845;1875;1725;3525;2765;640;375;1365;670;70;35;35;60;465;;;;;3930;1835;1160;935;1.9;3423;3651;236.0;66.0;34.0;96.0;4.0;47.0;53.0;35.0;18.0;0.0;95.0;5.0;;;;;;;;;;;;;;;;;;;;;;;;;;;;;;;;;;;;;;;;;;;;;605;0.0;75.0;125.0;35.0;25.0;125.0;120.0;100.0;3115;2795;320;0.8;1458.0;190;;;;;;214;214;0;      6227;1.0;2;2066;2022;49_2022
50;10134;BU09350603;Maastricht                              ;Buurt     ;BU09350603;1;5905;2945;2965;750;735;1690;1610;1120;2920;2210;565;210;1085;705;55;95;25;55;480;;;;;3095;1410;905;780;1.9;4178;2990;208.0;62.0;38.0;98.0;2.0;52.0;48.0;39.0;9.0;0.0;100.0;0.0;;;;;;;;;;;;;;;;;;;;;;;;;;;;;;;;;;;;;;;;;;;;;435;0.0;50.0;110.0;35.0;15.0;65.0;95.0;65.0;2655;2345;310;0.9;1879.0;155;;;;;;141;141;0;      6228;1.0;2;1539;2022;50_2022
51;10135;BU09350604;Maastricht                              ;Buurt     ;BU09350604;1;1070;510;560;145;125;140;365;300;400;485;75;115;190;85;0;5;0;5;75;;;;;430;125;145;160;2.3;565;416;491.0;70.0;30.0;97.0;3.0;72.0;28.0;0.0;28.0;0.0;31.0;69.0;;;;;;;;;;;;;;;;;;;;;;;;;;;;;;;;;;;;;;;;;;;;;120;5.0;5.0;15.0;5.0;15.0;45.0;30.0;10.0;480;375;105;1.1;252.0;25;;;;;;190;190;0;      6228;3.0;2;1601;2022;51_2022
