;ID;WijkenEnBuurten;Gemeentenaam;SoortRegio;Codering;IndelingswijzigingWijkenEnBuurten;AantalInwoners;Mannen;Vrouwen;k0Tot15Jaar;k15Tot25Jaar;k25Tot45Jaar;k45Tot65Jaar;k65JaarOfOuder;Ongehuwd;Gehuwd;Gescheiden;Verweduwd;WestersTotaal;NietWestersTotaal;Marokko;NederlandseAntillenEnAruba;Suriname;Turkije;OverigNietWesters;GeboorteTotaal;GeboorteRelatief;SterfteTotaal;SterfteRelatief;HuishoudensTotaal;Eenpersoonshuishoudens;HuishoudensZonderKinderen;HuishoudensMetKinderen;GemiddeldeHuishoudensgrootte;Bevolkingsdichtheid;Woningvoorraad;GemiddeldeWoningwaarde;PercentageEengezinswoning;PercentageMeergezinswoning;PercentageBewoond;PercentageOnbewoond;Koopwoningen;HuurwoningenTotaal;InBezitWoningcorporatie;InBezitOverigeVerhuurders;EigendomOnbekend;BouwjaarVoor;BouwjaarVanaf;GemiddeldElektriciteitsverbruikTotaal;Appartement;Tussenwoning;Hoekwoning;TweeOnderEenKapWoning;VrijstaandeWoning;Huurwoning;EigenWoning;GemiddeldAardgasverbruikTotaal;Appartement;Tussenwoning;Hoekwoning;TweeOnderEenKapWoning;VrijstaandeWoning;Huurwoning;EigenWoning;PercentageWoningenMetStadsverwarming;AantalInkomensontvangers;GemiddeldInkomenPerInkomensontvanger;GemiddeldInkomenPerInwoner;k40PersonenMetLaagsteInkomen;k20PersonenMetHoogsteInkomen;Actieven1575Jaar;k40HuishoudensMetLaagsteInkomen;k20HuishoudensMetHoogsteInkomen;HuishoudensMetEenLaagInkomen;HuishOnderOfRondSociaalMinimum;PersonenPerSoortUitkeringBijstand;PersonenPerSoortUitkeringAO;PersonenPerSoortUitkeringWW;PersonenPerSoortUitkeringAOW;BedrijfsvestigingenTotaal;ALandbouwBosbouwEnVisserij;BFNijverheidEnEnergie;GIHandelEnHoreca;HJVervoerInformatieEnCommunicatie;KLFinancieleDienstenOnroerendGoed;MNZakelijkeDienstverlening;RUCultuurRecreatieOverigeDiensten;PersonenautoSTotaal;PersonenautoSJongerDan6Jaar;PersonenautoS6JaarEnOuder;PersonenautoSBrandstofBenzine;PersonenautoSOverigeBrandstof;PersonenautoSPerHuishouden;PersonenautoSNaarOppervlakte;Bedrijfsmotorvoertuigen;Motorfietsen;AfstandTotHuisartsenpraktijk;AfstandTotGroteSupermarkt;AfstandTotKinderdagverblijf;AfstandTotSchool;ScholenBinnen3Km;OppervlakteTotaal;OppervlakteLand;OppervlakteWater;MeestVoorkomendePostcode;Dekkingspercentage;MateVanStedelijkheid;Omgevingsadressendichtheid;TotaalDiefstalUitWoningSchuurED;VernielingMisdrijfTegenOpenbareOrde;GeweldsEnSeksueleMisdrijven;year;unique_ID
0;9535;GM0935    ;Maastricht                              ;Gemeente  ;GM0935    ;.;122533;58909;63624;13408;23428;28769;32393;24535;63734;41387;10523;6889;24009;12561;1801;633;374;1577;8176;897;7;1229;10;68072;36503;17321;14248;1.8;2175;60948;180.0;53.0;47.0;92.0;8.0;39.0;58.0;36.0;23.0;3.0;92.0;8.0;2670.0;2060.0;3050.0;3200.0;3440.0;4500.0;2270.0;3320.0;1270.0;910.0;1440.0;1650.0;1950.0;2800.0;1120.0;1590.0;;94000;27.8;23.4;47.0;16.3;50.2;55.0;13.2;10.9;9.9;4200.0;7540.0;2400.0;23780.0;8800;50.0;945.0;2420.0;610.0;775.0;2530.0;1460.0;45185;12480;32705;39695;5485;0.7;802.0;4720;2900;0.6;0.6;0.9;0.6;11.2;6013;5634;379;         .;;2;2353;6.0;6.0;7.0;2016;0_2016
1;9536;WK093500  ;Maastricht                              ;Wijk      ;WK093500  ;1;18275;8635;9640;775;6000;4935;3170;3390;12415;3735;1235;890;5385;1750;100;95;60;150;1355;90;5;220;12;12875;9410;2610;860;1.4;6676;10858;212.0;20.0;80.0;82.0;18.0;21.0;71.0;23.0;48.0;8.0;90.0;10.0;2380.0;2150.0;3130.0;3340.0;3870.0;4990.0;2140.0;3010.0;920.0;730.0;1740.0;1790.0;2360.0;3810.0;870.0;1190.0;13.7;13400;29.7;26.5;49.6;19.6;46.2;65.2;11.0;10.6;9.7;320.0;630.0;260.0;3310.0;2760;0.0;125.0;1060.0;155.0;310.0;720.0;390.0;4895;1485;3410;4130;765;0.4;1788.0;420;235;0.4;0.4;0.5;0.4;15.1;310;274;37;         .;;1;3692;7.0;10.0;15.0;2016;1_2016
2;9537;BU09350000;Maastricht                              ;Buurt     ;BU09350000;1;2035;975;1055;45;955;550;270;210;1600;305;90;40;770;205;10;20;10;30;145;0;1;5;3;1580;1235;290;60;1.3;6528;1479;216.0;16.0;84.0;67.0;33.0;16.0;67.0;7.0;60.0;17.0;98.0;2.0;2210.0;2040.0;3560.0;5840.0;;;1950.0;3090.0;1000.0;980.0;1940.0;3570.0;;;960.0;1610.0;;1400;25.7;22.7;55.9;16.1;43.2;70.2;9.3;11.0;10.6;10.0;30.0;20.0;210.0;790;0.0;25.0;525.0;20.0;50.0;90.0;75.0;470;145;325;385;85;0.3;1510.0;45;15;0.3;0.4;0.5;0.4;14.5;36;31;5;      6211;1.0;1;4067;3.0;19.0;65.0;2016;2_2016
3;9538;BU09350001;Maastricht                              ;Buurt     ;BU09350001;1;1640;790;845;75;510;390;300;360;1060;375;100;100;545;130;5;5;5;5;120;0;2;20;13;1150;835;235;80;1.4;3242;981;291.0;33.0;67.0;77.0;23.0;25.0;69.0;20.0;49.0;6.0;98.0;2.0;2540.0;2110.0;3410.0;3630.0;4840.0;5860.0;2230.0;3680.0;1600.0;1140.0;2070.0;2440.0;3320.0;4610.0;1280.0;2190.0;;1200;36.2;32.0;45.5;24.0;47.6;59.8;16.6;11.2;9.3;20.0;30.0;20.0;340.0;265;0.0;20.0;80.0;5.0;35.0;70.0;55.0;535;155;375;450;80;0.5;1053.0;35;30;0.3;0.7;0.3;0.3;13.6;57;51;6;      6211;1.0;1;3892;15.0;5.0;5.0;2016;3_2016
4;9539;BU09350002;Maastricht                              ;Buurt     ;BU09350002;1;2340;1075;1265;75;800;500;325;635;1555;435;145;210;730;165;5;10;5;15;135;5;4;75;32;1525;1155;290;90;1.3;9178;1143;206.0;21.0;79.0;88.0;12.0;24.0;67.0;22.0;45.0;9.0;96.0;4.0;2460.0;2150.0;3370.0;3370.0;4340.0;;2050.0;3360.0;1360.0;1100.0;1900.0;1580.0;2540.0;;1210.0;1610.0;;1500;29.6;26.4;52.3;18.4;44.5;69.0;12.0;11.1;9.9;20.0;40.0;20.0;630.0;215;0.0;10.0;55.0;15.0;15.0;85.0;35.0;515;140;375;445;70;0.3;2017.0;30;20;0.4;0.5;0.4;0.4;13.6;26;26;0;      6211;1.0;1;3805;7.0;6.0;3.0;2016;4_2016
5;9540;BU09350003;Maastricht                              ;Buurt     ;BU09350003;1;3530;1725;1805;115;1375;975;580;485;2705;460;255;120;1135;355;30;15;10;25;285;15;4;50;14;2510;2005;365;140;1.3;8340;1898;167.0;26.0;74.0;86.0;14.0;13.0;78.0;36.0;41.0;9.0;94.0;6.0;2160.0;1970.0;2870.0;3340.0;;;2140.0;2940.0;940.0;820.0;1510.0;1640.0;;;970.0;1450.0;;2300;21.1;18.9;59.9;10.7;41.2;78.8;5.1;15.4;13.9;100.0;230.0;60.0;480.0;300;0.0;25.0;75.0;20.0;35.0;75.0;70.0;640;150;490;560;80;0.3;1510.0;65;40;0.7;0.4;0.3;0.3;14.1;42;42;0;      6211;1.0;1;3453;6.0;13.0;14.0;2016;5_2016
6;9541;BU09350004;Maastricht                              ;Buurt     ;BU09350004;1;1780;815;965;50;495;630;320;275;1260;290;165;65;460;175;15;15;5;15;130;10;6;15;10;1325;960;285;90;1.3;5766;1172;148.0;10.0;90.0;87.0;13.0;20.0;77.0;29.0;48.0;3.0;98.0;2.0;2010.0;1910.0;2220.0;;;;1880.0;2120.0;970.0;970.0;1390.0;;;;950.0;1250.0;8.3;1400;27.8;25.5;44.6;19.0;53.8;65.1;7.6;8.8;9.3;20.0;60.0;50.0;270.0;185;0.0;5.0;65.0;20.0;20.0;40.0;35.0;495;125;370;430;65;0.4;1600.0;30;25;0.4;0.4;0.7;0.7;13.8;40;31;9;      6211;1.0;1;3148;10.0;14.0;13.0;2016;6_2016
7;9542;BU09350005;Maastricht                              ;Buurt     ;BU09350005;1;1690;770;920;160;495;450;405;180;1125;340;165;65;380;250;35;10;5;45;160;15;10;10;7;1135;810;180;150;1.5;4597;886;153.0;44.0;56.0;94.0;6.0;15.0;82.0;55.0;27.0;3.0;100.0;0.0;2280.0;1840.0;2830.0;2880.0;2910.0;;2250.0;3120.0;1270.0;990.0;1640.0;1610.0;1440.0;;1210.0;1820.0;;1300;23.1;19.9;57.9;11.4;44.2;75.5;6.9;21.0;17.9;90.0;100.0;40.0;180.0;105;0.0;5.0;20.0;10.0;5.0;35.0;25.0;385;75;310;335;50;0.3;1043.0;40;25;0.3;0.5;0.3;0.6;15.5;45;37;8;      6221;1.0;1;3448;9.0;10.0;8.0;2016;7_2016
8;9543;BU09350006;Maastricht                              ;Buurt     ;BU09350006;1;5250;2475;2770;245;1360;1430;970;1240;3115;1525;315;290;1385;485;15;20;25;30;395;35;7;35;7;3635;2415;970;255;1.4;9314;3299;252.0;11.0;89.0;81.0;19.0;28.0;65.0;12.0;53.0;7.0;75.0;25.0;2610.0;2370.0;3950.0;3790.0;;;2280.0;2980.0;550.0;340.0;2080.0;1710.0;;;420.0;580.0;40.1;4200;36.6;33.1;41.0;27.6;48.4;51.7;16.0;5.2;5.1;50.0;140.0;60.0;1210.0;905;0.0;35.0;240.0;65.0;150.0;325.0;95.0;1860;695;1165;1525;335;0.5;3298.0;180;75;0.4;0.4;0.8;0.5;17.3;66;56;9;      6221;1.0;1;3759;4.0;6.0;7.0;2016;8_2016
9;9544;WK093501  ;Maastricht                              ;Wijk      ;WK093501  ;1;8690;4045;4640;1160;930;1465;2605;2525;3505;3835;610;740;1440;255;10;30;30;15;185;65;7;145;17;4225;1650;1475;1105;2.0;995;4288;323.0;73.0;27.0;93.0;7.0;66.0;31.0;6.0;25.0;3.0;99.0;1.0;3110.0;2020.0;3320.0;3390.0;3760.0;4750.0;2260.0;3660.0;2010.0;1610.0;1890.0;2070.0;2330.0;3430.0;1670.0;2230.0;;6800;42.9;35.4;33.1;33.9;56.6;29.1;34.8;4.0;4.3;50.0;210.0;140.0;2440.0;840;5.0;65.0;120.0;50.0;115.0;335.0;155.0;4360;1350;3010;3490;875;1.0;499.0;220;285;0.8;0.7;1.1;0.7;9.5;916;874;42;         .;;2;1759;5.0;5.0;5.0;2016;9_2016
10;9545;BU09350100;Maastricht                              ;Buurt     ;BU09350100;1;3110;1430;1680;445;380;540;945;800;1375;1315;200;220;600;115;5;15;15;10;75;20;6;20;7;1585;690;515;390;2.0;3908;1493;374.0;69.0;31.0;92.0;8.0;73.0;25.0;3.0;22.0;2.0;98.0;2.0;3320.0;2410.0;3660.0;3420.0;3830.0;4460.0;2520.0;3610.0;2070.0;1510.0;2110.0;2300.0;2450.0;3410.0;1660.0;2220.0;;2400;47.3;38.4;31.7;37.5;56.7;27.4;37.5;4.0;4.3;20.0;60.0;50.0;770.0;350;0.0;15.0;55.0;15.0;50.0;160.0;50.0;1725;580;1145;1250;475;1.1;2168.0;105;105;0.4;0.4;0.4;0.5;10.3;101;80;21;      6212;1.0;2;1843;4.0;5.0;8.0;2016;10_2016
11;9546;BU09350101;Maastricht                              ;Buurt     ;BU09350101;1;1210;590;620;195;130;220;415;245;530;525;95;55;195;40;5;10;5;5;30;15;13;10;11;555;185;190;190;2.2;3879;556;302.0;90.0;10.0;94.0;6.0;69.0;30.0;17.0;13.0;1.0;100.0;0.0;3100.0;2610.0;2920.0;3230.0;3240.0;5180.0;2420.0;3410.0;1860.0;1730.0;1690.0;1920.0;2020.0;3390.0;1450.0;2040.0;;1000;40.8;33.0;33.8;34.3;60.2;28.3;36.4;5.6;5.3;10.0;50.0;20.0;240.0;100;0.0;10.0;10.0;5.0;15.0;35.0;25.0;545;125;420;460;85;1.0;1749.0;25;55;0.8;0.8;0.8;0.7;9.5;31;31;0;      6212;1.0;2;1833;5.0;2.0;2.0;2016;11_2016
12;9547;BU09350102;Maastricht                              ;Buurt     ;BU09350102;1;1505;705;800;200;140;250;430;485;565;685;100;155;225;30;5;5;5;0;25;10;7;25;17;720;275;255;195;2.0;2703;757;340.0;79.0;21.0;94.0;6.0;68.0;32.0;2.0;29.0;0.0;99.0;1.0;2820.0;1350.0;3210.0;3270.0;3540.0;4880.0;2000.0;3710.0;2010.0;;1820.0;2150.0;2290.0;3490.0;2070.0;2350.0;;1200;44.8;37.4;30.1;37.9;62.4;25.7;39.6;3.3;3.6;10.0;20.0;20.0;470.0;150;0.0;15.0;20.0;10.0;20.0;55.0;25.0;730;205;525;615;120;1.0;1311.0;35;50;1.2;0.6;1.5;1.3;11.7;56;56;0;      6213;1.0;2;2149;8.0;11.0;5.0;2016;12_2016
13;9548;BU09350103;Maastricht                              ;Buurt     ;BU09350103;1;1280;555;725;110;115;155;310;590;410;560;85;225;180;30;0;5;5;5;20;0;3;70;57;625;290;220;120;1.8;3271;789;281.0;45.0;55.0;93.0;7.0;45.0;46.0;0.0;46.0;9.0;99.0;1.0;2770.0;1700.0;3290.0;4040.0;4150.0;4900.0;1870.0;3950.0;2150.0;1790.0;2010.0;2240.0;2490.0;3710.0;1880.0;2550.0;;1000;40.3;35.2;35.8;29.9;48.7;39.0;29.3;2.8;4.3;0.0;20.0;20.0;570.0;75;0.0;5.0;10.0;0.0;15.0;35.0;10.0;595;215;380;510;85;1.0;1520.0;10;30;1.2;1.1;1.5;0.9;9.8;39;39;0;      6213;1.0;2;1878;4.0;0.0;1.0;2016;13_2016
14;9549;BU09350104;Maastricht                              ;Buurt     ;BU09350104;1;1425;685;735;190;145;275;440;370;570;665;120;70;220;50;5;5;10;0;40;10;9;10;10;665;195;270;200;2.1;2617;631;233.0;92.0;8.0;98.0;2.0;69.0;31.0;16.0;15.0;0.0;100.0;0.0;3210.0;1940.0;3060.0;3330.0;3750.0;4680.0;2500.0;3570.0;1770.0;1330.0;1610.0;1860.0;2150.0;2670.0;1430.0;1940.0;;1100;34.8;28.6;36.2;24.4;54.0;28.3;25.7;4.4;4.4;10.0;50.0;30.0;360.0;100;5.0;10.0;15.0;5.0;5.0;35.0;25.0;665;190;475;590;80;1.0;1224.0;30;30;0.9;0.8;1.8;0.4;5.3;54;54;0;      6213;2.0;3;1041;1.0;5.0;4.0;2016;14_2016
15;9550;BU09350105;Maastricht                              ;Buurt     ;BU09350105;1;145;70;75;15;15;20;60;35;50;80;5;10;30;5;0;0;0;0;5;0;0;0;0;65;20;35;20;2.2;24;62;496.0;92.0;8.0;95.0;5.0;79.0;19.0;0.0;19.0;2.0;100.0;0.0;4500.0;;;;5320.0;4640.0;3320.0;4940.0;3100.0;;;;2850.0;3570.0;;3100.0;;100;52.4;42.3;34.2;44.4;58.6;;;;;0.0;10.0;0.0;40.0;70;0.0;10.0;10.0;5.0;15.0;20.0;15.0;95;35;60;65;30;1.4;15.0;15;10;2.0;1.9;2.1;1.8;5.0;634;613;21;      6212;3.0;4;541;20.0;27.0;20.0;2016;15_2016
16;9551;WK093502  ;Maastricht                              ;Wijk      ;WK093502  ;1;37680;18080;19595;4375;6310;8705;10065;8220;18495;13200;3705;2280;7360;5015;940;175;105;825;2975;280;7;330;9;20910;10760;5285;4870;1.8;4259;18346;145.0;57.0;43.0;95.0;5.0;35.0;63.0;51.0;12.0;1.0;92.0;8.0;2570.0;2040.0;2920.0;3020.0;3240.0;4110.0;2260.0;3190.0;1280.0;1040.0;1360.0;1560.0;1640.0;2290.0;1170.0;1490.0;;29200;23.9;20.1;50.6;10.7;47.6;58.7;8.8;12.9;12.2;1880.0;2830.0;740.0;7990.0;1545;15.0;225.0;350.0;115.0;85.0;395.0;360.0;13315;3260;10060;12105;1210;0.6;1505.0;690;820;0.6;0.5;0.8;0.6;9.5;885;885;0;         .;;2;2369;7.0;5.0;5.0;2016;16_2016
17;9552;BU09350200;Maastricht                              ;Buurt     ;BU09350200;1;5845;2720;3125;445;1805;1480;1055;1050;3845;1330;380;290;1760;1115;85;30;20;125;865;25;4;25;5;4110;3000;670;445;1.4;6387;2414;162.0;40.0;60.0;93.0;7.0;38.0;58.0;29.0;29.0;4.0;98.0;2.0;2420.0;2010.0;2970.0;2850.0;3120.0;4140.0;2130.0;2910.0;1450.0;1320.0;1560.0;1730.0;1560.0;2280.0;1320.0;1660.0;;3600;26.0;22.1;47.0;13.7;49.0;61.3;9.9;9.5;8.8;120.0;220.0;80.0;1020.0;310;0.0;30.0;90.0;15.0;15.0;85.0;75.0;1495;405;1090;1340;155;0.4;1635.0;95;90;0.5;0.4;0.7;0.5;12.5;92;92;0;      6217;3.0;1;3196;5.0;5.0;5.0;2016;17_2016
18;9553;BU09350201;Maastricht                              ;Buurt     ;BU09350201;1;4965;2325;2635;535;1100;1260;1210;860;2905;1265;560;235;1195;685;120;45;20;60;450;45;9;30;6;3055;1815;660;585;1.6;9119;2566;135.0;64.0;36.0;93.0;7.0;14.0;84.0;65.0;19.0;2.0;95.0;5.0;2420.0;2010.0;2620.0;2550.0;2780.0;3090.0;2360.0;2880.0;1260.0;1120.0;1290.0;1450.0;1250.0;1470.0;1190.0;1600.0;;3700;21.1;17.7;59.3;8.0;41.1;73.3;4.9;19.0;17.6;370.0;410.0;90.0;840.0;225;0.0;25.0;50.0;10.0;15.0;65.0;60.0;1445;275;1165;1310;135;0.5;2649.0;95;95;0.8;0.4;0.9;0.6;12.6;54;54;0;      6214;1.0;1;3146;9.0;5.0;6.0;2016;18_2016
19;9554;BU09350202;Maastricht                              ;Buurt     ;BU09350202;1;2645;1260;1385;250;440;595;635;725;1180;1115;180;175;510;125;5;10;5;25;85;25;9;25;9;1440;665;470;310;1.8;5423;1290;158.0;56.0;44.0;97.0;3.0;79.0;21.0;0.0;21.0;0.0;100.0;0.0;2860.0;2520.0;3080.0;3140.0;3680.0;;2410.0;2980.0;1420.0;1040.0;1620.0;1850.0;2130.0;;1220.0;1470.0;;2100;27.1;23.4;38.6;15.1;56.5;38.1;11.3;2.1;2.2;10.0;90.0;50.0;710.0;95;5.0;10.0;25.0;5.0;5.0;30.0;20.0;1115;320;795;1050;60;0.8;2282.0;50;75;0.7;0.5;0.5;0.5;10.3;49;49;0;      6216;1.0;1;2713;5.0;2.0;2.0;2016;19_2016
20;9555;BU09350203;Maastricht                              ;Buurt     ;BU09350203;1;2415;1190;1225;320;265;615;685;530;1135;835;290;155;385;425;115;10;5;90;215;20;9;25;11;1295;610;335;355;1.9;4835;1310;113.0;59.0;41.0;96.0;4.0;14.0;86.0;84.0;2.0;0.0;99.0;1.0;2320.0;1780.0;2560.0;2670.0;3180.0;;2160.0;3250.0;1200.0;950.0;1220.0;1370.0;1910.0;;1130.0;1620.0;;2000;20.7;17.2;58.7;5.4;41.1;71.0;4.4;21.3;18.8;250.0;280.0;60.0;520.0;60;0.0;10.0;15.0;10.0;0.0;15.0;10.0;880;155;725;795;85;0.7;1759.0;45;55;0.4;0.8;0.9;0.3;10.0;50;50;0;      6216;1.0;2;2217;15.0;7.0;5.0;2016;20_2016
21;9556;BU09350204;Maastricht                              ;Buurt     ;BU09350204;1;2365;1170;1195;325;340;595;640;465;1180;765;280;140;375;595;200;10;10;105;285;20;9;10;5;1285;640;300;345;1.8;6026;1283;111.0;45.0;55.0;95.0;5.0;13.0;87.0;85.0;2.0;0.0;98.0;2.0;2250.0;1800.0;2750.0;2750.0;3200.0;;2190.0;2840.0;1160.0;960.0;1300.0;1570.0;1740.0;;1150.0;1350.0;;1900;19.2;15.9;60.3;3.9;42.3;73.3;2.4;22.9;18.5;230.0;240.0;60.0;450.0;80;0.0;15.0;15.0;10.0;0.0;15.0;20.0;805;125;680;725;80;0.6;2051.0;40;30;0.6;0.7;0.6;0.9;9.2;39;39;0;      6217;1.0;1;2522;16.0;6.0;8.0;2016;21_2016
22;9557;BU09350205;Maastricht                              ;Buurt     ;BU09350205;1;3410;1655;1750;540;520;870;885;590;1825;1005;395;185;640;695;180;20;10;135;355;30;9;35;10;1750;815;415;525;1.9;5628;1639;126.0;63.0;37.0;95.0;5.0;14.0;84.0;78.0;6.0;1.0;88.0;12.0;2440.0;1810.0;2740.0;2950.0;2990.0;3740.0;2350.0;3070.0;1340.0;830.0;1330.0;1610.0;2040.0;3190.0;1200.0;1440.0;;2600;19.7;15.7;60.4;5.7;43.1;69.7;4.6;20.9;19.7;310.0;330.0;70.0;570.0;165;0.0;20.0;35.0;15.0;5.0;35.0;55.0;1020;175;845;915;100;0.6;1679.0;50;45;0.4;0.4;0.5;0.4;10.3;61;61;0;      6217;1.0;2;2117;10.0;9.0;9.0;2016;22_2016
23;9558;BU09350206;Maastricht                              ;Buurt     ;BU09350206;1;1890;855;1035;200;170;305;510;700;650;820;150;270;260;95;10;10;5;25;55;10;6;55;29;1005;495;295;220;1.9;1144;1061;181.0;55.0;45.0;93.0;7.0;54.0;36.0;31.0;6.0;10.0;74.0;26.0;2760.0;1950.0;3210.0;3480.0;3700.0;4560.0;2030.0;3340.0;1450.0;960.0;1650.0;1970.0;2350.0;2740.0;1150.0;1710.0;;1600;27.8;24.2;42.0;15.7;54.3;47.9;13.3;6.7;7.0;20.0;90.0;30.0;690.0;95;10.0;10.0;15.0;5.0;5.0;30.0;20.0;785;225;560;710;75;0.8;474.0;35;50;0.6;0.7;0.8;0.8;7.5;166;166;0;      6218;1.0;2;1849;5.0;3.0;3.0;2016;23_2016
24;9559;BU09350207;Maastricht                              ;Buurt     ;BU09350207;1;5345;2555;2790;575;625;1120;1530;1500;2135;2230;585;400;970;720;145;30;20;185;345;40;7;45;9;2765;1190;845;730;1.9;4103;2637;131.0;66.0;34.0;96.0;4.0;27.0;73.0;68.0;5.0;0.0;81.0;19.0;2540.0;1890.0;2900.0;3060.0;2710.0;3790.0;2370.0;3210.0;1080.0;790.0;1200.0;1370.0;1280.0;2340.0;1060.0;1200.0;;4300;21.6;18.5;55.3;6.8;42.8;60.9;6.5;12.2;12.9;300.0;530.0;100.0;1460.0;175;0.0;45.0;45.0;20.0;10.0;30.0;30.0;2035;470;1565;1860;175;0.7;1561.0;115;130;0.4;0.5;1.2;0.5;7.5;130;130;0;      6218;1.0;2;1730;5.0;4.0;5.0;2016;24_2016
25;9560;BU09350208;Maastricht                              ;Buurt     ;BU09350208;1;2065;1060;1005;415;280;430;765;165;945;980;105;30;260;145;10;10;5;40;90;5;3;5;3;745;105;225;420;2.8;1538;711;257.0;90.0;10.0;99.0;1.0;88.0;12.0;0.0;12.0;0.0;62.0;38.0;3720.0;2490.0;3720.0;3790.0;4090.0;4500.0;2690.0;3860.0;1360.0;860.0;1290.0;1380.0;1510.0;2120.0;1190.0;1380.0;;1600;34.3;26.8;35.3;28.6;67.7;12.4;36.6;2.9;2.2;10.0;80.0;50.0;160.0;120;0.0;25.0;15.0;10.0;15.0;35.0;15.0;945;370;575;810;135;1.3;704.0;50;65;1.4;1.3;0.8;0.8;6.3;134;134;0;      6215;1.0;2;1696;0.0;3.0;2.0;2016;25_2016
26;9561;BU09350209;Maastricht                              ;Buurt     ;BU09350209;1;6710;3275;3435;760;755;1435;2140;1620;2685;2850;780;395;1025;425;90;15;25;50;250;50;8;60;9;3445;1435;1075;940;1.9;6113;3435;144.0;53.0;47.0;97.0;3.0;48.0;52.0;42.0;10.0;0.0;100.0;0.0;2710.0;2240.0;3110.0;3100.0;3730.0;3750.0;2210.0;3260.0;1300.0;1120.0;1420.0;1580.0;1670.0;2110.0;1190.0;1480.0;;5700;25.6;22.0;44.0;12.0;49.9;49.4;10.5;9.2;9.1;250.0;560.0;160.0;1570.0;220;0.0;35.0;45.0;20.0;15.0;50.0;60.0;2795;735;2060;2590;205;0.8;2544.0;105;185;0.5;0.6;0.8;0.7;7.0;110;110;0;      6215;1.0;2;1998;2.0;3.0;3.0;2016;26_2016
27;9562;WK093503  ;Maastricht                              ;Wijk      ;WK093503  ;1;2175;1065;1110;260;310;480;650;475;1070;780;190;135;440;130;30;10;10;10;80;15;7;15;7;1200;595;360;250;1.8;562;1014;171.0;59.0;41.0;94.0;6.0;37.0;61.0;44.0;17.0;1.0;92.0;8.0;3000.0;2530.0;3120.0;3490.0;3540.0;4780.0;2700.0;3480.0;1280.0;910.0;1300.0;1680.0;1980.0;3100.0;1060.0;1560.0;;1700;25.5;21.3;47.7;14.3;50.2;55.1;10.5;10.0;9.8;70.0;160.0;50.0;460.0;210;0.0;50.0;55.0;10.0;15.0;45.0;35.0;920;220;695;795;120;0.8;237.0;140;65;1.6;0.6;1.6;1.6;7.9;439;388;51;         .;;3;1405;10.0;8.0;4.0;2016;27_2016
28;9563;BU09350300;Maastricht                              ;Buurt     ;BU09350300;1;1630;825;805;200;165;390;520;355;755;615;155;115;300;100;20;5;10;10;60;10;9;10;9;870;390;280;205;1.9;1665;753;156.0;57.0;43.0;96.0;4.0;38.0;62.0;49.0;13.0;1.0;89.0;11.0;2940.0;2480.0;3120.0;3520.0;3140.0;5130.0;2670.0;3400.0;1140.0;880.0;1210.0;1520.0;1390.0;2820.0;1010.0;1320.0;;1300;25.8;21.5;45.6;13.8;53.9;53.0;10.0;10.5;9.9;60.0;140.0;50.0;340.0;85;0.0;10.0;15.0;5.0;5.0;25.0;20.0;685;160;525;615;75;0.8;700.0;35;40;1.8;0.5;1.8;1.9;6.9;147;98;49;      6219;1.0;4;881;7.0;6.0;4.0;2016;28_2016
29;9564;BU09350301;Maastricht                              ;Buurt     ;BU09350301;1;45;25;20;5;5;10;10;15;25;15;5;5;20;5;0;0;0;5;5;0;0;0;0;25;15;10;5;1.7;103;34;;68.0;32.0;53.0;47.0;41.0;44.0;0.0;44.0;15.0;100.0;0.0;3980.0;;;;;;;3780.0;1680.0;;;;;;;2060.0;;0;;;;;;;;;;;;;;35;0.0;10.0;20.0;0.0;0.0;0.0;5.0;20;5;10;5;10;;;10;0;1.2;0.8;1.2;1.1;9.4;47;47;0;      6219;1.0;2;1655;;;;2016;29_2016
30;9565;BU09350302;Maastricht                              ;Buurt     ;BU09350302;1;405;175;230;35;125;65;90;90;250;120;25;15;110;25;10;5;5;0;15;0;2;0;0;255;170;60;30;1.6;819;183;207.0;56.0;44.0;95.0;5.0;27.0;72.0;46.0;26.0;2.0;100.0;0.0;2990.0;2750.0;3080.0;3130.0;;;2760.0;3630.0;1500.0;1090.0;1600.0;1990.0;;;1190.0;2300.0;;300;23.5;20.1;57.1;14.9;34.5;65.6;11.0;8.6;11.3;10.0;20.0;0.0;90.0;30;0.0;5.0;5.0;0.0;5.0;10.0;5.0;135;20;115;110;20;0.5;268.0;10;10;0.9;0.5;0.6;0.4;12.9;51;50;2;      6217;2.0;1;3264;15.0;5.0;0.0;2016;30_2016
31;9566;BU09350303;Maastricht                              ;Buurt     ;BU09350303;1;20;10;10;5;0;5;5;0;10;10;0;0;5;5;0;0;0;0;5;0;0;0;45;10;5;5;5;2.0;20;14;;;;;;;;;;;;;;;;;;;;;;;;;;;;;;0;;;;;;;;;;;;;;55;0.0;20.0;15.0;0.0;5.0;5.0;5.0;45;25;20;35;10;;;80;5;2.3;1.9;2.4;2.3;3.2;113;113;0;      6219;1.0;4;702;;;;2016;31_2016
32;9567;BU09350304;Maastricht                              ;Buurt     ;BU09350304;1;70;30;35;10;5;10;20;15;35;25;10;5;15;5;0;0;0;0;5;0;0;0;0;30;15;10;10;2.1;86;30;;100.0;0.0;97.0;3.0;87.0;10.0;0.0;10.0;3.0;100.0;0.0;3950.0;;3460.0;3960.0;;4620.0;;3820.0;2330.0;;1750.0;2820.0;;2140.0;;2170.0;;100;;;;;;;;;;0.0;0.0;0.0;20.0;5;;;;;;;;35;10;25;30;5;;;5;5;1.6;1.5;1.7;1.6;4.3;81;81;0;      6218;1.0;5;345;;;;2016;32_2016
33;9568;WK093504  ;Maastricht                              ;Wijk      ;WK093504  ;1;31450;15115;16335;3900;6415;7440;8255;5440;16950;10190;2650;1665;5430;3735;565;150;85;460;2480;245;8;290;9;16795;8920;4030;3850;1.8;2403;14774;171.0;58.0;42.0;93.0;7.0;38.0;59.0;37.0;22.0;3.0;90.0;10.0;2730.0;2040.0;3040.0;3240.0;3560.0;4650.0;2320.0;3390.0;1280.0;900.0;1400.0;1640.0;2010.0;2730.0;1150.0;1550.0;;23700;27.1;22.4;48.4;16.1;49.6;56.7;13.2;11.7;10.1;1220.0;2010.0;620.0;5260.0;1700;10.0;200.0;375.0;135.0;125.0;550.0;300.0;10945;2970;7975;9725;1225;0.7;836.0;820;740;0.5;0.6;0.8;0.7;11.7;1321;1309;12;         .;;2;2223;6.0;6.0;6.0;2016;33_2016
34;9569;BU09350400;Maastricht                              ;Buurt     ;BU09350400;1;4015;1965;2045;330;905;1095;875;810;2380;1030;370;240;860;550;90;25;15;80;340;35;9;35;9;2520;1640;530;355;1.5;4557;2316;132.0;33.0;67.0;88.0;12.0;22.0;73.0;33.0;39.0;6.0;99.0;1.0;2320.0;1980.0;2910.0;3170.0;3410.0;;2170.0;2890.0;1150.0;930.0;1490.0;1740.0;1800.0;;1120.0;1320.0;;3100;24.6;21.5;50.2;13.3;48.3;65.3;7.2;11.5;9.9;180.0;230.0;70.0;790.0;210;0.0;20.0;35.0;20.0;10.0;80.0;50.0;1290;310;980;1150;140;0.5;1461.0;105;85;0.6;0.6;0.8;0.5;15.0;88;88;0;      6224;1.0;1;3296;9.0;10.0;6.0;2016;34_2016
35;9570;BU09350401;Maastricht                              ;Buurt     ;BU09350401;1;2990;1400;1590;315;740;800;660;475;1775;800;250;170;695;450;55;15;15;115;255;20;8;25;9;1805;1160;315;335;1.7;9072;1398;152.0;52.0;48.0;95.0;5.0;29.0;70.0;46.0;24.0;1.0;78.0;22.0;2500.0;1880.0;3110.0;3070.0;2830.0;;2310.0;3190.0;870.0;650.0;1050.0;1090.0;1620.0;;930.0;890.0;20.2;2200;22.2;18.7;54.1;10.5;46.4;64.3;8.1;12.3;11.1;100.0;210.0;50.0;460.0;130;0.0;20.0;30.0;15.0;5.0;40.0;25.0;860;185;675;755;105;0.5;2607.0;60;50;0.5;0.3;1.2;0.4;17.9;33;33;0;      6221;1.0;1;3139;7.0;2.0;4.0;2016;35_2016
36;9571;BU09350402;Maastricht                              ;Buurt     ;BU09350402;1;5705;2720;2980;775;1250;1555;1455;665;3390;1555;560;200;1085;900;210;50;15;145;485;55;10;35;7;3155;1730;670;760;1.8;5031;2627;141.0;61.0;39.0;94.0;6.0;26.0;72.0;51.0;21.0;2.0;83.0;17.0;2500.0;1950.0;2830.0;2920.0;3300.0;2450.0;2330.0;3050.0;1280.0;1020.0;1340.0;1610.0;1870.0;;1270.0;1270.0;;4400;22.6;18.4;57.1;10.8;44.7;66.3;7.8;19.7;17.4;420.0;480.0;110.0;640.0;265;0.0;30.0;80.0;20.0;10.0;80.0;55.0;1590;330;1260;1395;195;0.5;1401.0;100;115;0.4;0.5;0.4;0.6;13.1;115;113;2;      6224;4.0;1;2743;7.0;7.0;7.0;2016;36_2016
37;9572;BU09350403;Maastricht                              ;Buurt     ;BU09350403;1;3280;1635;1645;370;580;890;905;530;1835;885;385;180;530;470;80;20;10;50;320;25;8;15;6;1940;1085;455;405;1.7;2559;1719;117.0;50.0;50.0;94.0;6.0;17.0;82.0;65.0;17.0;1.0;98.0;2.0;2490.0;2160.0;2700.0;2730.0;3350.0;4870.0;2330.0;3180.0;1110.0;890.0;1210.0;1360.0;1680.0;3110.0;1060.0;1290.0;;2700;20.5;17.4;56.6;5.0;43.9;72.8;3.0;20.1;16.5;280.0;330.0;100.0;520.0;165;0.0;20.0;40.0;15.0;10.0;45.0;35.0;1110;220;885;1010;100;0.6;865.0;70;75;0.4;0.4;1.6;1.1;8.6;128;128;0;      6222;1.0;2;1500;10.0;8.0;5.0;2016;37_2016
38;9573;BU09350404;Maastricht                              ;Buurt     ;BU09350404;1;2370;1160;1205;305;745;500;535;280;1470;640;180;85;305;505;60;10;5;15;425;20;9;10;5;970;460;255;260;1.9;1940;827;138.0;81.0;19.0;95.0;5.0;30.0;69.0;57.0;12.0;1.0;93.0;7.0;2830.0;1910.0;2940.0;2960.0;3460.0;3980.0;2540.0;3420.0;1410.0;720.0;1350.0;1690.0;1930.0;2370.0;1310.0;1530.0;;1500;20.7;17.1;57.5;8.1;42.6;63.9;5.1;15.3;12.1;90.0;170.0;50.0;270.0;70;0.0;15.0;20.0;5.0;5.0;15.0;15.0;620;125;495;590;30;0.6;509.0;40;60;1.0;1.1;2.2;0.9;6.3;132;122;9;      6222;1.0;3;1029;8.0;8.0;17.0;2016;38_2016
39;9574;BU09350405;Maastricht                              ;Buurt     ;BU09350405;1;6540;3065;3475;820;1220;1460;1825;1215;3400;2335;480;330;1135;465;50;30;15;35;340;50;8;45;7;3515;1855;905;760;1.8;1778;3170;231.0;55.0;45.0;91.0;9.0;55.0;41.0;17.0;25.0;4.0;90.0;10.0;2960.0;2100.0;3310.0;3760.0;3750.0;4590.0;2340.0;3490.0;1560.0;940.0;1770.0;1990.0;2250.0;2940.0;1210.0;1860.0;;4900;34.8;28.6;40.4;25.7;53.8;47.0;23.4;6.8;6.0;110.0;320.0;120.0;1180.0;465;5.0;45.0;100.0;35.0;45.0;180.0;60.0;2745;910;1835;2340;405;0.8;746.0;230;160;0.5;0.6;0.4;0.5;13.6;368;368;0;      6226;2.0;2;2340;2.0;6.0;6.0;2016;39_2016
40;9575;BU09350406;Maastricht                              ;Buurt     ;BU09350406;1;6535;3150;3380;975;970;1135;1995;1455;2705;2945;425;460;830;405;30;15;20;25;325;35;6;105;16;2875;990;910;975;2.2;1434;2717;219.0;80.0;20.0;95.0;5.0;66.0;32.0;25.0;7.0;2.0;89.0;11.0;3270.0;2220.0;3280.0;3470.0;3600.0;4940.0;2400.0;3640.0;1450.0;860.0;1400.0;1630.0;1920.0;2490.0;1110.0;1610.0;;4900;32.7;26.3;37.5;24.0;57.9;32.4;25.2;3.1;2.9;50.0;280.0;130.0;1400.0;390;5.0;50.0;75.0;30.0;40.0;120.0;65.0;2730;885;1845;2485;250;0.9;599.0;215;200;0.5;0.6;0.6;0.8;6.9;457;456;1;      6225;1.0;3;1000;3.0;5.0;4.0;2016;40_2016
41;9576;WK093505  ;Maastricht                              ;Wijk      ;WK093505  ;1;2710;1390;1320;285;280;530;885;730;985;1335;210;185;320;45;10;5;5;5;30;15;5;20;8;1325;455;505;370;2.0;290;1320;184.0;88.0;12.0;94.0;6.0;68.0;30.0;17.0;13.0;2.0;95.0;5.0;3120.0;2080.0;3190.0;3090.0;3020.0;3880.0;2520.0;3390.0;1740.0;880.0;1580.0;1670.0;1770.0;2380.0;1370.0;1860.0;;2300;27.1;23.2;42.6;14.5;53.2;40.3;15.3;6.0;5.1;50.0;170.0;70.0;710.0;395;5.0;105.0;120.0;25.0;30.0;75.0;30.0;1620;495;1125;1365;250;1.2;173.0;1385;175;1.3;3.6;4.0;1.3;1.2;1052;935;117;         .;;5;271;4.0;4.0;9.0;2016;41_2016
42;9577;BU09350500;Maastricht                              ;Buurt     ;BU09350500;1;20;10;5;0;10;5;0;0;15;5;0;0;5;5;0;0;5;0;5;0;0;0;0;15;15;0;0;1.3;10;26;;46.0;54.0;12.0;88.0;23.0;46.0;0.0;46.0;31.0;62.0;38.0;;;;;;;;;2300.0;;;;;;;;;0;;;;;;;;;;;;;;240;0.0;75.0;95.0;15.0;20.0;25.0;5.0;200;100;100;100;100;;;1235;5;1.9;1.8;3.0;2.0;2.9;222;203;19;      6222;1.0;5;243;;;;2016;42_2016
43;9578;BU09350501;Maastricht                              ;Buurt     ;BU09350501;1;1735;875;860;175;185;340;550;485;625;850;145;120;220;30;5;5;5;5;20;5;5;10;7;855;295;335;235;2.0;540;845;167.0;86.0;14.0;96.0;4.0;64.0;34.0;20.0;14.0;1.0;96.0;4.0;3000.0;2130.0;3040.0;3010.0;2980.0;4090.0;2370.0;3320.0;1640.0;790.0;1560.0;1630.0;1860.0;2520.0;1260.0;1850.0;;1500;26.4;22.6;43.7;13.7;52.0;42.1;13.7;5.7;4.8;30.0;110.0;50.0;470.0;75;5.0;15.0;10.0;5.0;5.0;20.0;15.0;885;255;635;790;100;1.0;276.0;85;85;0.5;3.8;4.6;0.5;1.0;363;322;41;      6223;1.0;5;343;5.0;2.0;6.0;2016;43_2016
44;9579;BU09350502;Maastricht                              ;Buurt     ;BU09350502;1;930;485;445;105;85;180;320;235;335;465;65;65;95;15;5;5;0;0;5;5;5;5;9;440;150;165;130;2.1;356;434;206.0;95.0;5.0;95.0;5.0;78.0;21.0;11.0;10.0;0.0;97.0;3.0;3360.0;1940.0;3560.0;3280.0;3090.0;3660.0;2820.0;3510.0;1770.0;1200.0;1630.0;1730.0;1600.0;2170.0;1610.0;1820.0;;800;28.6;24.3;39.5;16.1;56.0;35.4;18.0;5.8;5.6;20.0;60.0;20.0;230.0;50;0.0;10.0;10.0;5.0;0.0;15.0;10.0;505;135;370;455;45;1.1;192.0;60;80;2.9;3.4;3.1;2.8;1.6;317;262;56;      6223;1.0;5;143;1.0;5.0;2.0;2016;44_2016
45;9580;BU09350503;Maastricht                              ;Buurt     ;BU09350503;1;25;15;10;0;0;5;10;10;10;15;0;0;5;0;0;0;0;0;0;0;0;0;38;10;5;10;5;1.9;18;15;;;;;;;;;;;;;3880.0;;;;;;;2830.0;4690.0;;;;;;;3780.0;;0;;;;;;;;;;;;;;25;0.0;0.0;0.0;0.0;5.0;10.0;5.0;30;5;25;25;5;;;5;0;1.8;1.7;1.7;1.1;4.6;150;149;2;      6222;1.0;5;206;;;;2016;45_2016
46;9581;WK093506  ;Maastricht                              ;Wijk      ;WK093506  ;1;21540;10565;10975;2650;3180;5205;6755;3745;10310;8310;1925;995;3640;1650;165;180;95;125;1090;170;8;200;9;10730;4720;3060;2955;2.0;2221;10348;172.0;61.0;39.0;94.0;6.0;49.0;50.0;34.0;16.0;1.0;95.0;5.0;2770.0;1950.0;3160.0;3310.0;3390.0;4630.0;2290.0;3320.0;1290.0;870.0;1350.0;1600.0;1950.0;2650.0;1100.0;1510.0;;16900;28.5;23.6;43.2;17.0;55.4;47.3;14.8;9.7;8.4;620.0;1530.0;510.0;3600.0;1340;10.0;180.0;335.0;115.0;100.0;405.0;195.0;8880;2510;6375;7940;945;0.8;916.0;760;580;0.6;0.7;0.8;0.5;12.3;1090;970;120;         .;;2;1671;7.0;6.0;3.0;2016;46_2016
47;9582;BU09350600;Maastricht                              ;Buurt     ;BU09350600;1;2000;985;1015;210;315;540;630;300;1035;700;185;85;345;190;10;15;15;15;140;10;6;15;7;1130;605;270;260;1.8;741;1183;183.0;38.0;62.0;81.0;19.0;46.0;53.0;12.0;41.0;0.0;100.0;0.0;2270.0;1710.0;3060.0;3540.0;3730.0;;1670.0;2930.0;970.0;770.0;1220.0;1510.0;1220.0;;830.0;1170.0;;1600;33.7;28.6;35.5;24.6;59.4;41.6;19.3;7.0;6.3;40.0;100.0;50.0;300.0;350;5.0;45.0;80.0;40.0;40.0;115.0;25.0;1050;410;640;860;190;0.9;389.0;285;60;0.8;0.7;0.4;0.4;14.7;278;270;8;      6229;1.0;2;1843;13.0;12.0;8.0;2016;47_2016
48;9583;BU09350601;Maastricht                              ;Buurt     ;BU09350601;1;4620;2165;2450;495;745;1010;1450;915;2350;1600;420;250;760;315;30;40;15;20;220;20;5;65;14;2180;995;615;575;1.9;2987;2180;189.0;59.0;41.0;95.0;5.0;45.0;53.0;35.0;17.0;2.0;93.0;7.0;2680.0;1910.0;3080.0;3410.0;3420.0;4150.0;2260.0;3320.0;1280.0;860.0;1360.0;1670.0;2050.0;2870.0;1080.0;1580.0;;3400;27.9;23.4;45.7;17.8;53.9;49.6;14.8;9.6;8.4;130.0;480.0;90.0;890.0;210;0.0;25.0;45.0;20.0;10.0;75.0;35.0;1700;475;1230;1535;165;0.8;1099.0;80;100;0.7;0.8;1.0;0.7;9.3;267;155;112;      6229;1.0;3;1238;10.0;6.0;2.0;2016;48_2016
49;9584;BU09350602;Maastricht                              ;Buurt     ;BU09350602;1;7615;3735;3880;895;1125;1755;2325;1510;3480;3120;655;365;1350;495;70;30;30;45;325;65;9;55;7;3930;1715;1190;1030;1.9;3568;3615;168.0;68.0;32.0;95.0;5.0;47.0;52.0;36.0;16.0;1.0;96.0;4.0;2770.0;1930.0;3050.0;3130.0;3210.0;4690.0;2350.0;3290.0;1410.0;910.0;1410.0;1670.0;1990.0;2800.0;1200.0;1680.0;;6200;26.4;22.2;45.3;14.4;53.8;49.1;12.8;9.6;8.1;230.0;490.0;180.0;1460.0;425;0.0;75.0;105.0;30.0;25.0;110.0;75.0;3070;790;2280;2795;275;0.8;1438.0;235;225;0.6;0.7;0.4;0.5;14.1;214;214;0;      6227;1.0;2;1986;4.0;5.0;2.0;2016;49_2016
50;9585;BU09350603;Maastricht                              ;Buurt     ;BU09350603;1;6255;3170;3085;870;870;1745;2000;765;3045;2420;615;175;1075;595;60;95;40;50;360;60;10;30;5;3115;1320;865;935;2.0;4427;2990;139.0;62.0;38.0;97.0;3.0;52.0;48.0;41.0;7.0;0.0;100.0;0.0;2840.0;2090.0;3220.0;3290.0;3450.0;4290.0;2410.0;3270.0;1210.0;900.0;1260.0;1470.0;1900.0;2340.0;1070.0;1350.0;;5000;26.5;21.5;43.2;14.0;55.4;48.3;11.5;11.4;9.8;210.0;440.0;180.0;720.0;280;0.0;35.0;90.0;25.0;15.0;70.0;45.0;2605;645;1955;2365;235;0.8;1842.0;150;180;0.6;0.6;1.2;0.4;11.5;141;141;0;      6228;1.0;2;1518;6.0;5.0;3.0;2016;50_2016
51;9586;BU09350604;Maastricht                              ;Buurt     ;BU09350604;1;1040;495;540;175;120;150;350;245;405;470;55;115;120;60;0;5;0;0;55;5;6;30;31;370;90;125;160;2.5;549;380;356.0;72.0;28.0;98.0;2.0;70.0;30.0;23.0;8.0;0.0;34.0;66.0;4110.0;2240.0;4480.0;4900.0;4910.0;5540.0;2560.0;4710.0;1610.0;790.0;1690.0;1810.0;1590.0;2670.0;990.0;1860.0;;700;50.4;39.0;30.3;39.0;67.6;24.9;49.9;4.5;4.5;10.0;20.0;10.0;250.0;75;5.0;0.0;10.0;5.0;10.0;30.0;10.0;455;190;265;380;80;1.2;241.0;15;15;0.7;0.7;0.9;0.6;13.6;190;190;0;      6228;3.0;2;1559;4.0;3.0;1.0;2016;51_2016
